Age,Ba138Ca,BaCa,BCa,CaCa,MgCa,SrCa,UCa,Dist
-3825.375,0.002379569,0.002279068,0.398669019,1006.286389,3.084741323,9.361441112,0.001519789,169.7541966
-3825.33152,0.002330953,0.002276886,0.452272509,989.8406862,3.206818982,9.100013038,0.001429903,169.5443645
-3825.28804,0.002283472,0.002274515,0.527968513,996.1392335,3.765087712,9.176355322,0.001423707,169.3345324
-3825.24457,0.002022436,0.002116399,0.43729336,995.5375457,3.190013534,9.110318909,0.001514327,169.1247002
-3825.20109,0.002053331,0.001905432,0.38649399,998.749436,2.865265777,9.179305091,0.001604841,168.9148681
-3825.15761,0.001820051,0.002069215,0.383018308,1002.764055,2.994132755,9.143509902,0.001587751,168.705036
-3825.11413,0.002062601,0.002123554,0.383832481,1014.567763,3.033159388,9.242220177,0.001571719,168.4952038
-3825.07065,0.00174897,0.001993714,0.381708195,1001.839555,2.942156855,9.132549103,0.001500923,168.2853717
-3825.02717,0.002324102,0.002290773,0.474704008,988.6942214,3.943001795,8.809568418,0.001359473,168.0755396
-3824.9837,0.002043947,0.001974886,0.394579983,1005.692104,3.224097094,9.165108796,0.001486227,167.8657074
-3824.94022,0.001965379,0.00199032,0.395211278,996.26465,3.139018554,8.975947008,0.001390421,167.6558753
-3824.89674,0.001937324,0.001968212,0.393295906,1016.325674,2.947421226,9.09667771,0.001473584,167.4460432
-3824.85326,0.002302278,0.002521939,0.435859733,1002.609478,3.803139189,9.107221462,0.001393343,167.236211
-3824.80978,0.002294156,0.002274657,0.432772661,1009.004292,3.616097028,9.086388498,0.001323155,167.0263789
-3824.7663,0.002314287,0.002362419,0.386586106,1008.461853,3.490970384,8.995464682,0.001371007,166.8165468
-3824.72283,0.00241035,0.002463005,0.413198507,992.3640473,3.93857712,8.948179519,0.001257782,166.6067146
-3824.67935,0.001961182,0.002188841,0.376483343,1008.26002,3.578961449,8.833884829,0.001344743,166.3968825
-3824.63587,0.001751567,0.001981747,0.32559891,1014.142234,2.988539275,8.875498253,0.001469018,166.1870504
-3824.59239,0.002062084,0.002071328,0.348794836,1011.870157,3.373430271,8.894968688,0.001456757,165.9772182
-3824.54891,0.001737639,0.001913649,0.282007011,1004.476765,2.260106661,8.992775572,0.001564697,165.7673861
-3824.50543,0.00200272,0.002092296,0.342836568,1020.986925,2.640030085,9.199200218,0.001539267,165.557554
-3824.46196,0.002363085,0.002400897,0.349751428,1001.847591,2.994108571,9.074766014,0.001413399,165.3477218
-3824.41848,0.002686909,0.002756174,0.29194342,993.3151504,2.578905815,9.165269282,0.001455844,165.1378897
-3824.375,0.002791876,0.003177155,0.319338571,1004.678113,3.284173203,9.235953764,0.001441153,164.9280576
-3824.335,0.002708241,0.002684557,0.331067822,1002.771106,2.95306075,9.038161334,0.001396359,164.7182254
-3824.295,0.003289954,0.003238046,0.33802731,987.0546885,3.068507047,9.086856021,0.001355454,164.5083933
-3824.255,0.002714554,0.002849692,0.280105827,991.8166933,2.458741078,9.047514563,0.001443714,164.2985612
-3824.215,0.002581294,0.002693218,0.30297697,994.4366105,2.588744692,8.99153437,0.001451804,164.088729
-3824.175,0.00326577,0.003038474,0.329438627,998.7902024,3.096798244,9.113538957,0.001296002,163.8788969
-3824.135,0.003002731,0.00292671,0.296967729,1006.535816,2.58786462,9.361328305,0.001360483,163.6690647
-3824.095,0.002779714,0.002802654,0.372779414,1000.00639,3.532125072,9.111949509,0.00124021,163.4592326
-3824.055,0.003129027,0.003198892,0.431222286,1001.598696,4.349193422,8.90505466,0.00122714,163.2494005
-3824.015,0.002735454,0.002701143,0.348437519,997.9337859,3.287920315,9.15918882,0.001379103,163.0395683
-3823.975,0.002470023,0.002488899,0.355204466,1007.383259,2.847557247,9.117991213,0.001489045,162.8297362
-3823.935,0.002627482,0.00251991,0.400824163,994.9823838,3.140163605,9.083284332,0.001440658,162.6199041
-3823.895,0.002066515,0.002310489,0.393688853,1002.309013,3.14684872,9.004080858,0.001462379,162.4100719
-3823.855,0.002823804,0.002841598,0.461172846,1014.216943,3.828747393,9.222770458,0.00137261,162.2002398
-3823.815,0.00245435,0.002412661,0.415382402,1001.956947,2.964235023,9.193413146,0.001460696,161.9904077
-3823.775,0.002396468,0.002265173,0.320342364,1004.260717,2.350202959,9.119323112,0.001593004,161.7805755
-3823.735,0.002723937,0.002538736,0.385485582,1007.838331,2.854003611,9.074482667,0.00150143,161.5707434
-3823.695,0.00234757,0.002495719,0.423745247,1004.645596,2.952235708,9.122344564,0.001434262,161.3609113
-3823.655,0.002572429,0.002456908,0.346030176,992.5858133,2.38656634,9.171396773,0.0015617,161.1510791
-3823.615,0.002687479,0.002751153,0.42605041,1002.693798,2.881811061,9.162839583,0.001486597,160.941247
-3823.575,0.002640631,0.002603782,0.405832917,991.9280009,2.96555596,9.18682895,0.001576603,160.7314149
-3823.535,0.002782874,0.002628296,0.424830426,995.1208743,3.229762258,9.148540816,0.001542908,160.5215827
-3823.495,0.002930755,0.00282435,0.374878174,993.4858701,3.175556773,9.083861223,0.001521863,160.3117506
-3823.455,0.00208712,0.001935009,0.265885072,991.8760037,2.074590613,9.109066164,0.001657854,160.1019185
-3823.415,0.002392892,0.002509695,0.374780969,997.3729098,3.241060543,9.032706092,0.00150735,159.8920863
-3823.375,0.002406886,0.002428312,0.333714477,1003.216165,3.185984379,9.300057065,0.001525953,159.6822542
-3823.29808,0.002388937,0.002506565,0.339094181,996.1237188,3.206771947,9.203023103,0.001578744,159.4724221
-3823.22115,0.002370447,0.002267028,0.352574312,1011.272101,3.250930518,9.175647435,0.001474585,159.2625899
-3823.14423,0.002536216,0.002640829,0.363922689,1013.990974,3.494341498,9.153734758,0.001455348,159.0527578
-3823.06731,0.002809097,0.003035849,0.448153711,990.4835533,4.355165919,8.990521281,0.001275407,158.8429257
-3822.99038,0.002783084,0.002924289,0.437634094,998.7729351,4.239634453,8.880872403,0.00124932,158.6330935
-3822.91346,0.002819689,0.002792534,0.393375061,988.0768041,3.777868024,9.084813185,0.001357276,158.4232614
-3822.83654,0.002529594,0.002651272,0.357985932,998.384771,3.531301937,9.034874504,0.001459771,158.2134293
-3822.75962,0.002335255,0.002273985,0.333379865,1001.179694,2.798888741,9.216800273,0.001682772,158.0035971
-3822.68269,0.002006826,0.002022653,0.318453567,995.9757482,2.44209499,9.252570372,0.001713391,157.793765
-3822.60577,0.002003651,0.002092438,0.346338986,986.1626654,2.874204021,9.072141386,0.001651432,157.5839329
-3822.52885,0.002003401,0.001968839,0.383194296,999.1676502,3.43152303,9.126925662,0.001571437,157.3741007
-3822.45192,0.002322241,0.002019752,0.372309748,989.9257598,3.018968741,9.066030645,0.001544585,157.1642686
-3822.375,0.002334042,0.002162048,0.375529505,1003.014915,3.153969136,9.319575507,0.001579761,156.9544365
-3822.33929,0.002249159,0.002251466,0.321915953,990.2824156,2.866047029,9.257053869,0.001589328,156.7446043
-3822.30357,0.00221975,0.002427843,0.314514499,1009.954754,3.217812599,9.243915841,0.001519296,156.5347722
-3822.26786,0.002553781,0.002838468,0.396114938,1007.656871,4.458666128,9.047491378,0.001329787,156.32494
-3822.23214,0.002475998,0.002301987,0.329879003,1011.842234,3.629174903,9.148342983,0.001467848,156.1151079
-3822.19643,0.002929496,0.00267019,0.443827734,998.0396257,5.645209125,8.917146027,0.001198864,155.9052758
-3822.16071,0.00269557,0.002759988,0.397218592,1005.651974,4.503585014,8.991975974,0.001331658,155.6954436
-3822.125,0.002595763,0.002635555,0.345924672,997.4863536,4.183919937,8.898894123,0.001376521,155.4856115
-3822.08929,0.003465721,0.003261121,0.427721558,995.3389055,4.906393331,8.868194406,0.001217046,155.2757794
-3822.05357,0.003068635,0.002948221,0.398122874,998.918722,4.466485675,8.845584643,0.001263044,155.0659472
-3822.01786,0.002869002,0.002924947,0.38210557,1006.661213,3.789482044,9.080743686,0.001392877,154.8561151
-3821.98214,0.002503313,0.00258412,0.373126861,997.7218082,3.484170468,8.847890626,0.001344642,154.646283
-3821.94643,0.002784601,0.002686344,0.344992904,998.2940123,3.380769558,8.992158732,0.001439039,154.4364508
-3821.91071,0.002776779,0.002798128,0.394945731,1004.279938,3.744522529,8.990546895,0.001370997,154.2266187
-3821.875,0.002871824,0.002912047,0.408200706,992.3770919,3.748356487,8.978424958,0.001385567,154.0167866
-3821.83929,0.002466984,0.002632606,0.378385762,987.7701892,3.189509849,8.895985323,0.001436974,153.8069544
-3821.80357,0.00218133,0.002353641,0.405096236,997.0980326,3.362310073,8.93585057,0.001364277,153.5971223
-3821.76786,0.002162349,0.002145289,0.352350036,1010.898395,2.871922945,9.093089909,0.00156857,153.3872902
-3821.73214,0.002328432,0.002381813,0.38896842,1001.911426,3.313656939,9.085553118,0.00148574,153.177458
-3821.69643,0.002153677,0.002107677,0.326091433,1000.678982,2.694360415,8.984501171,0.001572512,152.9676259
-3821.66071,0.001970073,0.002144925,0.317220609,1006.717855,2.57850303,9.154225003,0.00167432,152.7577938
-3821.625,0.002058513,0.001900043,0.270097709,993.3231399,2.124533923,9.003393533,0.001684492,152.5479616
-3821.58929,0.001826944,0.002002687,0.283714085,1009.715564,2.088245754,9.351563458,0.001776348,152.3381295
-3821.55357,0.001863191,0.001962387,0.2785508,991.0331793,1.914415519,8.983808556,0.001642352,152.1282974
-3821.51786,0.002300791,0.002290045,0.32700281,1014.322762,2.338566222,9.148481615,0.00162684,151.9184652
-3821.48214,0.002141845,0.002162556,0.298721434,994.8382774,2.266226616,9.044529274,0.001597946,151.7086331
-3821.44643,0.001910719,0.001904036,0.258481393,1000.001233,1.644630741,9.066776767,0.001686431,151.498801
-3821.41071,0.002285481,0.002373279,0.329028969,1007.122775,2.053632054,9.326152761,0.001636279,151.2889688
-3821.375,0.002576972,0.002635344,0.299879582,1008.60523,1.937615949,9.514422184,0.001602356,151.0791367
-3821.34559,0.002550635,0.002775079,0.323373351,993.9648512,2.499240055,9.179419295,0.001532068,150.8693046
-3821.31618,0.002277683,0.002124119,0.275118668,1008.82723,1.999008202,9.304732149,0.001529529,150.6594724
-3821.28676,0.001909068,0.002008112,0.226288101,994.653126,1.663330723,9.255307942,0.001561716,150.4496403
-3821.25735,0.002306082,0.002361991,0.294488616,1001.118815,2.194140427,9.268908674,0.001625886,150.2398082
-3821.22794,0.002258478,0.002378995,0.316956944,996.9791163,2.48848919,9.217230897,0.001490783,150.029976
-3821.19853,0.002337575,0.002426893,0.29880022,990.8792313,2.731326533,9.078427209,0.001452863,149.8201439
-3821.16912,0.002833055,0.00284378,0.39666183,1008.668665,3.770813029,8.99511518,0.001317538,149.6103118
-3821.13971,0.002481787,0.002664539,0.391188771,1005.634736,3.742368215,9.051218136,0.001305639,149.4004796
-3821.11029,0.00227337,0.002316947,0.305648031,999.3598896,2.78581325,9.128157767,0.001439552,149.1906475
-3821.08088,0.002996138,0.003055096,0.404017719,1002.74927,4.141503567,9.084665519,0.001279083,148.9808153
-3821.05147,0.00271954,0.002875604,0.421148242,1007.394906,4.057411029,8.795557743,0.001171181,148.7709832
-3821.02206,0.002278409,0.002371729,0.370425741,1012.521364,3.466366669,8.920215125,0.001282971,148.5611511
-3820.99265,0.002217694,0.002442752,0.327592986,1001.673781,3.19542324,8.848160872,0.001372097,148.3513189
-3820.96324,0.002869734,0.002775888,0.340800779,1007.711799,3.227101855,8.99035905,0.001379334,148.1414868
-3820.93382,0.003374704,0.003242129,0.366370588,992.6573887,3.2851008,8.991829019,0.00139834,147.9316547
-3820.90441,0.002601023,0.002847933,0.371334946,1004.15365,3.482972328,8.869912884,0.001300788,147.7218225
-3820.875,0.002738531,0.002870173,0.341536349,1002.475758,2.768778175,9.319112276,0.00154476,147.5119904
-3820.84559,0.002699639,0.002764417,0.356332688,1008.085182,3.013781954,9.304147499,0.001394826,147.3021583
-3820.81618,0.002326451,0.002527514,0.337489932,1006.650197,3.061152625,9.042813538,0.001323171,147.0923261
-3820.78676,0.002164302,0.002207958,0.332963659,1011.683328,2.879886898,9.025181397,0.001397672,146.882494
-3820.75735,0.002321381,0.002178398,0.353112421,1007.330882,3.026695581,9.043717925,0.001423596,146.6726619
-3820.72794,0.002330892,0.002091819,0.348103708,991.1183879,2.836801742,8.89701766,0.001370877,146.4628297
-3820.69853,0.002250905,0.002251658,0.41841471,1004.705549,3.171276399,8.927075656,0.001318409,146.2529976
-3820.66912,0.002428764,0.002375219,0.420802113,998.6851835,3.215361572,9.070874755,0.001340875,146.0431655
-3820.63971,0.002021086,0.002111762,0.38496159,1012.484489,2.577318311,9.255369785,0.001525517,145.8333333
-3820.61029,0.001921209,0.001929986,0.311760365,994.4886308,1.99433342,9.163676825,0.001612437,145.6235012
-3820.58088,0.002195062,0.002221932,0.403760479,1004.43635,2.67922284,9.093719033,0.001517723,145.4136691
-3820.55147,0.002296534,0.002278302,0.423546579,991.803681,2.929732682,8.968090228,0.001391663,145.2038369
-3820.52206,0.001916438,0.001973652,0.439254702,1008.228575,2.908967704,9.128075795,0.001402557,144.9940048
-3820.49265,0.001832976,0.00189527,0.398568559,995.4854976,2.49877062,8.968288146,0.001414286,144.7841727
-3820.46324,0.002282747,0.002313593,0.41148155,989.4879861,2.853004258,9.050332244,0.001364095,144.5743405
-3820.43382,0.002283166,0.002399287,0.399261768,996.9525783,2.825889542,9.295168788,0.001491928,144.3645084
-3820.40441,0.002311306,0.002336316,0.324714452,990.7747098,2.436844047,9.035574993,0.001532888,144.1546763
-3820.375,0.002269128,0.002282233,0.297475927,1005.090757,2.069626428,9.361611393,0.001555631,143.9448441
-3820.34797,0.002469104,0.002330427,0.303899531,999.8780641,2.023929969,9.324047341,0.001547696,143.735012
-3820.32095,0.002479572,0.002585155,0.351021506,1017.496969,2.574742898,9.323421985,0.001453427,143.5251799
-3820.29392,0.002322024,0.002482624,0.329855566,1004.923503,2.358402539,9.255993934,0.001462893,143.3153477
-3820.26689,0.002374295,0.002480977,0.336081049,999.4364551,2.627368592,9.172378378,0.001407969,143.1055156
-3820.23986,0.002582068,0.002555788,0.295580112,998.1025791,2.375473262,9.245477049,0.001444077,142.8956835
-3820.21284,0.002870492,0.00269246,0.37218696,1011.319871,3.092783438,9.164025476,0.001364696,142.6858513
-3820.18581,0.002567876,0.002680005,0.400433132,1003.032424,3.401929932,9.059660619,0.001280912,142.4760192
-3820.15878,0.002190758,0.002272469,0.356886644,1004.688614,3.076558488,9.074917014,0.001362029,142.2661871
-3820.13176,0.002564506,0.002402496,0.338418189,984.7396545,3.191443568,8.760005111,0.001226094,142.0563549
-3820.10473,0.002312452,0.002398784,0.34419459,1007.460264,3.055184665,8.999094086,0.001365819,141.8465228
-3820.0777,0.002222651,0.002331402,0.331517339,994.9076219,2.830210816,8.950047227,0.001342852,141.6366906
-3820.05068,0.002677185,0.00254422,0.400287605,983.2916316,3.679169256,8.836488231,0.001180635,141.4268585
-3820.02365,0.002325637,0.002150079,0.323064406,1003.178334,2.855417907,8.892248248,0.001230089,141.2170264
-3819.99662,0.002231365,0.002128013,0.24501843,998.6589065,2.177432005,9.06491799,0.001347685,141.0071942
-3819.96959,0.002358439,0.002444243,0.280260296,999.241926,2.385747969,9.151229814,0.001471243,140.7973621
-3819.94257,0.002514063,0.002698876,0.280376788,1001.075224,2.511201149,9.287369595,0.001430627,140.58753
-3819.91554,0.002745301,0.002783113,0.321757289,1007.59366,3.088461668,9.179326426,0.001363531,140.3776978
-3819.88851,0.002711252,0.002504368,0.273564645,1000.247503,2.299595317,9.283465308,0.001462321,140.1678657
-3819.86149,0.002505406,0.002414729,0.269755202,1017.525432,2.349395812,9.482819043,0.001429721,139.9580336
-3819.83446,0.001895351,0.002062133,0.273438846,1007.742198,2.23610701,9.251028925,0.001454516,139.7482014
-3819.80743,0.002119686,0.002191752,0.25662004,1000.791761,2.239534943,9.180491541,0.001387371,139.5383693
-3819.78041,0.002323783,0.002297133,0.265806309,1009.826517,2.018910379,9.337931831,0.001410909,139.3285372
-3819.75338,0.002335409,0.00227862,0.379189818,1007.042658,2.868751955,9.082975613,0.001234364,139.118705
-3819.72635,0.002967474,0.002871144,0.459894727,1000.028309,3.54218319,9.151081544,0.001251249,138.9088729
-3819.69932,0.002700324,0.002668705,0.403535738,1003.942754,2.998416621,9.089557228,0.001281977,138.6990408
-3819.6723,0.002857602,0.002828958,0.46556825,1002.335037,3.324914277,9.183153787,0.001296324,138.4892086
-3819.64527,0.002275399,0.002343722,0.436182082,1007.936713,2.94733515,9.109103559,0.001398996,138.2793765
-3819.61824,0.00260182,0.002756362,0.533480512,1012.955447,3.843178282,9.214328562,0.001366693,138.0695444
-3819.59122,0.002447733,0.002492714,0.42429216,995.3977509,2.897598121,9.208237973,0.001428061,137.8597122
-3819.56419,0.002274337,0.002361248,0.38712797,1014.585943,2.740850251,9.315638645,0.001499955,137.6498801
-3819.53716,0.002522873,0.002340194,0.406750394,994.1822959,2.869647972,9.279374619,0.001461522,137.440048
-3819.51014,0.001889225,0.001954465,0.3604127,1007.634562,2.308506354,9.267116052,0.00154371,137.2302158
-3819.48311,0.001876518,0.001847434,0.315831583,998.0345913,2.149856408,9.209951282,0.001604569,137.0203837
-3819.45608,0.001927976,0.002032581,0.250686776,988.9912011,1.928586895,9.27459366,0.001616624,136.8105516
-3819.42905,0.002145257,0.002173326,0.335030103,1010.043512,2.320949767,9.291237052,0.001626526,136.6007194
-3819.40203,0.001986453,0.00212757,0.376513433,1010.851073,2.495538634,9.30312496,0.001517441,136.3908873
-3819.375,0.002162138,0.002143729,0.283787856,1011.693798,1.912461077,9.372923672,0.001637159,136.1810552
-3819.34167,0.002085065,0.002097779,0.308885068,995.7484677,2.034121645,9.229266655,0.001539343,135.971223
-3819.30833,0.002451717,0.002292369,0.374258758,997.4402792,2.883496478,9.181559201,0.001425568,135.7613909
-3819.275,0.00258624,0.002632935,0.374114043,999.3377558,3.285477587,9.15829862,0.001392164,135.5515588
-3819.24167,0.002100818,0.002210956,0.352704447,992.0863916,2.668455332,9.029902865,0.00137587,135.3417266
-3819.20833,0.002413733,0.002372307,0.368984589,1008.942767,3.091404324,9.140504816,0.001371347,135.1318945
-3819.175,0.002653569,0.002555402,0.371650791,1012.2304,3.21397757,9.150734187,0.001342224,134.9220624
-3819.14167,0.002696438,0.002819485,0.423125551,1006.636885,4.359399552,8.970943324,0.0012368,134.7122302
-3819.10833,0.00256613,0.002629352,0.386740249,1001.672611,3.473628807,9.284789527,0.001394564,134.5023981
-3819.075,0.002648234,0.002524893,0.3757566,991.228994,3.850410086,8.948254112,0.001293541,134.2925659
-3819.04167,0.002636416,0.002596329,0.370601306,997.4313659,3.693745526,9.131826911,0.001307813,134.0827338
-3819.00833,0.002540652,0.002499565,0.363499276,1009.323339,3.50541978,8.982767123,0.001348034,133.8729017
-3818.975,0.002617856,0.002653808,0.38218446,1006.937821,3.743221572,9.071673598,0.001377115,133.6630695
-3818.94167,0.002483345,0.002508016,0.335603424,993.9239838,3.535740601,8.905984476,0.001380547,133.4532374
-3818.90833,0.002555999,0.002808276,0.396188473,1023.830595,4.060495768,9.20305759,0.001347976,133.2434053
-3818.875,0.002833087,0.0027466,0.384133857,1000.317634,3.624040345,9.159500716,0.001441843,133.0335731
-3818.84167,0.002440131,0.002487393,0.364107286,998.0664675,3.209903068,9.073619096,0.001404278,132.823741
-3818.80833,0.002404786,0.002505848,0.411145959,1008.853544,3.611225337,9.128239767,0.001345617,132.6139089
-3818.775,0.002843277,0.00267291,0.320005338,1012.465334,2.992533618,9.312440833,0.00136882,132.4040767
-3818.74167,0.002554925,0.002614881,0.401437828,1002.019302,3.641577426,8.981322954,0.001246134,132.1942446
-3818.70833,0.002427785,0.002548063,0.383091875,995.689047,3.666114604,8.933259412,0.001193557,131.9844125
-3818.675,0.002483379,0.002389278,0.358228221,981.9137133,3.538769992,8.846148226,0.001179906,131.7745803
-3818.64167,0.002363612,0.002381493,0.336313319,1015.561142,3.031205007,9.210138244,0.00126335,131.5647482
-3818.60833,0.002609457,0.002605837,0.404479212,1004.169469,3.440871059,9.120946072,0.00127392,131.3549161
-3818.575,0.002461242,0.002569574,0.299919435,1006.301781,2.720688548,9.348190625,0.001399026,131.1450839
-3818.54167,0.002377892,0.002426258,0.297941524,998.0453136,2.817434027,9.416437007,0.001368818,130.9352518
-3818.50833,0.002277394,0.002349434,0.31944537,996.1801742,2.756926526,9.33092575,0.0013098,130.7254197
-3818.475,0.00277801,0.002528236,0.3350464,1011.603262,3.218125171,9.227798125,0.001303643,130.5155875
-3818.44167,0.002500571,0.002376944,0.33934418,995.9341614,2.827984334,9.311125902,0.001272687,130.3057554
-3818.40833,0.002178018,0.002186453,0.308791239,992.1655646,2.422325695,9.332288859,0.001365694,130.0959233
-3818.375,0.002286633,0.002284054,0.333887307,1001.166534,2.728512112,9.370889962,0.001452208,129.8860911
-3818.34936,0.002314502,0.002570353,0.382959958,1002.295472,2.832884363,9.314772477,0.001410252,129.676259
-3818.32372,0.003232296,0.003034004,0.491191881,999.346352,3.701257866,9.270544331,0.001358306,129.4664269
-3818.29808,0.002956313,0.002851397,0.40297147,999.2187393,2.878462865,9.425577638,0.00147619,129.2565947
-3818.27244,0.002687647,0.002654651,0.414001466,996.8353354,2.941684569,9.225947369,0.001433409,129.0467626
-3818.24679,0.002776194,0.002705168,0.438785972,1008.84407,3.025626355,9.293768008,0.001423085,128.8369305
-3818.22115,0.002825352,0.002798048,0.468148136,1007.930227,3.196134959,9.265999745,0.001398547,128.6270983
-3818.19551,0.002680942,0.002479607,0.41253816,966.6658106,2.906819094,9.067959227,0.001440854,128.4172662
-3818.16987,0.002926457,0.002839761,0.469807637,985.7470943,3.731114465,9.108442865,0.001324445,128.2074341
-3818.14423,0.00242928,0.002639332,0.418842803,989.3903428,3.345448918,9.177326418,0.001396682,127.9976019
-3818.11859,0.00279973,0.002723588,0.467420119,1013.632605,3.84217445,9.098095182,0.001302647,127.7877698
-3818.09295,0.003002742,0.002801695,0.430813157,998.3455996,3.473570119,9.119204655,0.001269342,127.5779376
-3818.06731,0.002415594,0.002235226,0.322199405,990.1984541,2.590349794,9.029412391,0.001368994,127.3681055
-3818.04167,0.002697206,0.002596911,0.480728005,998.6990132,4.107391021,8.962994407,0.001159,127.1582734
-3818.01603,0.002387218,0.002422893,0.412696839,1003.310036,3.536054316,9.037247405,0.001199628,126.9484412
-3817.99038,0.002914612,0.002619165,0.489382028,1006.956181,4.730354427,8.760706883,0.001047,126.7386091
-3817.96474,0.0027754,0.00273548,0.414261122,995.3439513,3.829123739,8.976731224,0.001187891,126.528777
-3817.9391,0.002998894,0.002929814,0.374499724,1012.05141,3.885765182,9.096770227,0.001252061,126.3189448
-3817.91346,0.003023581,0.003061819,0.392628032,995.7104069,3.742669154,8.886530018,0.001192007,126.1091127
-3817.88782,0.003036979,0.003232534,0.361996051,1010.858617,3.188925521,9.256574205,0.001380441,125.8992806
-3817.86218,0.00351574,0.003433792,0.439936559,995.5980188,4.096312426,8.977939472,0.001178943,125.6894484
-3817.83654,0.00259101,0.002789909,0.315734304,997.0613586,2.602495191,9.126337888,0.001369294,125.4796163
-3817.8109,0.002990208,0.003098655,0.377296741,986.098426,3.345981551,8.946154915,0.001298623,125.2697842
-3817.78526,0.002759121,0.002867149,0.334755221,996.9546082,2.875290288,9.079953462,0.001384589,125.059952
-3817.75962,0.002822853,0.002835695,0.341269436,995.5226314,2.961581472,9.183267231,0.001400871,124.8501199
-3817.73397,0.002842987,0.002854381,0.332893143,985.0925098,3.062571065,9.219692161,0.001446934,124.6402878
-3817.70833,0.002900501,0.002955419,0.339488322,1009.175256,2.988563537,9.150007679,0.001442313,124.4304556
-3817.68269,0.002891848,0.002928277,0.308947349,998.6009297,2.656023905,9.224306152,0.001495327,124.2206235
-3817.65705,0.003108372,0.003127135,0.357587349,1005.963685,3.243379324,9.340058777,0.0015413,124.0107914
-3817.63141,0.002624968,0.00285127,0.361122452,1005.964634,3.211957882,9.026370153,0.001318924,123.8009592
-3817.60577,0.00296269,0.002880261,0.287241815,989.5319302,2.512510616,9.339596995,0.001578827,123.5911271
-3817.58013,0.003286009,0.003185243,0.390501163,1010.268754,3.44760873,9.444963571,0.001466802,123.381295
-3817.55449,0.003471418,0.003524378,0.429912619,976.2420704,3.242570268,9.176906835,0.001414867,123.1714628
-3817.52885,0.003728692,0.003752051,0.540592894,1007.050673,3.650738825,9.251884535,0.001312751,122.9616307
-3817.50321,0.003572477,0.003887683,0.460318512,1009.604776,3.107139518,9.466669105,0.001465057,122.7517986
-3817.47756,0.003426125,0.003673125,0.490691773,992.4069612,3.405978532,9.179771322,0.001322297,122.5419664
-3817.45192,0.004231786,0.004257223,0.449269018,993.6703973,3.512828925,9.445775378,0.001631316,122.3321343
-3817.42628,0.004018952,0.003930891,0.447816688,997.6357203,3.496588636,9.530984315,0.001633341,122.1223022
-3817.40064,0.003803472,0.003552187,0.457800164,1002.013601,3.228797935,9.498769954,0.001467505,121.91247
-3817.375,0.004009077,0.003820149,0.395867826,1003.633344,3.156597491,9.631440723,0.001625241,121.7026379
-3817.3447,0.003669524,0.003663988,0.386189367,997.3466773,2.936729542,9.498671909,0.001487377,121.4928058
-3817.31439,0.003725539,0.003994823,0.327519968,1019.678736,2.797139278,9.647475398,0.001484781,121.2829736
-3817.28409,0.003706407,0.003596014,0.367104179,1003.677867,2.799693936,9.376379291,0.001402819,121.0731415
-3817.25379,0.003575383,0.003435266,0.3537032,995.1894148,2.665070088,9.557483823,0.001506795,120.8633094
-3817.22348,0.002829817,0.003197874,0.428845546,998.45337,3.618113646,9.124250175,0.00131264,120.6534772
-3817.19318,0.003106188,0.002992855,0.503697087,1002.80449,4.58617979,8.833069367,0.001075647,120.4436451
-3817.16288,0.002814278,0.002839308,0.419828633,1006.804853,3.433789505,9.214515642,0.001292122,120.2338129
-3817.13258,0.002762896,0.00296904,0.429434884,1002.168156,3.823797014,9.012905385,0.00125984,120.0239808
-3817.10227,0.002423392,0.002589341,0.47541908,1003.390666,4.027152209,8.980886291,0.001189352,119.8141487
-3817.07197,0.002606808,0.002681006,0.501322706,996.2160205,4.81759351,8.678636163,0.001045058,119.6043165
-3817.04167,0.002524236,0.002524985,0.493237443,972.4304355,5.247285712,8.561695624,0.000948721,119.3944844
-3817.01136,0.002558498,0.002634063,0.436746762,1005.840511,4.38078219,8.988159028,0.001131589,119.1846523
-3816.9811,0.002652645,0.002723383,0.372709024,1002.490991,3.68215093,9.082365043,0.001296094,118.9748201
-3816.9508,0.003139838,0.00323349,0.496498874,1015.263703,4.812095166,8.933579184,0.001121107,118.764988
-3816.9205,0.00322406,0.003196368,0.464033647,1002.41812,4.590094281,8.898479171,0.001134785,118.5551559
-3816.8902,0.003074912,0.003108489,0.480934299,1000.911267,4.467691727,8.85601527,0.001122486,118.3453237
-3816.8598,0.002876196,0.002976792,0.446188894,1006.076746,3.673494291,9.03105088,0.001245499,118.1354916
-3816.8295,0.003016893,0.002702502,0.338923037,1005.955811,3.084021571,9.328228453,0.00147619,117.9256595
-3816.7992,0.002866846,0.002648015,0.377235442,1020.973529,3.438463959,9.325589572,0.001378491,117.7158273
-3816.7689,0.002682189,0.002696763,0.37053824,994.0843314,3.254264072,9.083355847,0.001360515,117.5059952
-3816.7386,0.002946139,0.003012355,0.418830992,1002.640719,3.786017961,9.106955636,0.001343154,117.2961631
-3816.7083,0.003575132,0.003357896,0.412272141,990.5873202,3.915530245,9.149589116,0.001339878,117.0863309
-3816.678,0.003156589,0.003206988,0.429276859,1001.645872,3.87689617,9.097797035,0.001307596,116.8764988
-3816.6477,0.003271628,0.003281696,0.451405702,998.4820898,3.941473411,8.961924263,0.001224592,116.6666667
-3816.6174,0.003044549,0.002942461,0.445432983,995.3084076,3.762194258,8.967138934,0.001219129,116.4568345
-3816.5871,0.00315049,0.003097594,0.434962742,998.2281554,3.816940227,9.048070013,0.001259793,116.2470024
-3816.5568,0.003013304,0.003171095,0.346829917,986.081548,2.836474843,9.183742225,0.001483713,116.0371703
-3816.5265,0.003215083,0.003258581,0.398457068,1000.608127,3.236973377,9.250473489,0.001476898,115.8273381
-3816.4962,0.003099484,0.003000572,0.348342713,1003.142093,2.883606509,9.242225563,0.001434173,115.617506
-3816.4659,0.003514007,0.003323979,0.411341015,993.4073574,3.394151819,9.255670922,0.001431265,115.4076739
-3816.4356,0.003223289,0.003260433,0.34920519,1013.588814,2.681678494,9.772938377,0.001630288,115.1978417
-3816.4053,0.002623268,0.002867137,0.350230561,995.0673538,2.564358224,9.434670677,0.001569561,114.9880096
-3816.375,0.002930921,0.002930507,0.327712168,1025.000647,2.405773453,9.811110544,0.001686126,114.7781775
-3816.355,0.003004454,0.003152469,0.34317812,1005.247198,2.75317251,9.512119894,0.001422385,114.5683453
-3816.335,0.003204085,0.002992213,0.313120018,1000.0181,2.385358733,9.42709841,0.001398168,114.3585132
-3816.315,0.002715733,0.002698943,0.309302834,998.3956397,2.116413729,9.445393379,0.001463785,114.1486811
-3816.295,0.002607158,0.002539929,0.343578341,1013.621155,2.269956949,9.485870547,0.001503602,113.9388489
-3816.275,0.002372909,0.002388793,0.342266694,1005.369233,2.397830592,9.399888539,0.00147396,113.7290168
-3816.255,0.002336605,0.002305348,0.365222366,994.6260791,2.603422237,9.404176471,0.001476463,113.5191847
-3816.235,0.00253185,0.002372146,0.463227939,993.9000118,3.33343492,9.087358894,0.001288709,113.3093525
-3816.215,0.002497811,0.002465285,0.47144776,999.6609094,3.600396344,9.077470327,0.001208498,113.0995204
-3816.195,0.002448519,0.002357562,0.3678241,1010.313011,2.642118235,9.458938624,0.001526257,112.8896882
-3816.175,0.002492953,0.002412697,0.359700396,1007.139957,2.666904124,9.440355086,0.001468227,112.6798561
-3816.155,0.002192212,0.002461351,0.413875922,999.1939047,3.039387853,9.133105148,0.001311948,112.470024
-3816.135,0.002204062,0.002276425,0.356527895,998.4496626,2.653787495,9.091306996,0.001302831,112.2601918
-3816.115,0.002276882,0.002307825,0.355515695,998.4333282,2.73514333,9.327043312,0.00149848,112.0503597
-3816.095,0.002210136,0.00222453,0.361630315,987.6175255,2.889995578,8.930233791,0.001311525,111.8405276
-3816.075,0.002566102,0.00251395,0.422967608,1006.605458,3.463804403,9.200501401,0.001247814,111.6306954
-3816.055,0.002534734,0.002493471,0.439794113,989.4441217,3.676090304,9.022835418,0.001250178,111.4208633
-3816.035,0.00227422,0.002216355,0.393590909,989.9944903,3.163359124,9.026336164,0.001258307,111.2110312
-3816.015,0.002105042,0.002252504,0.28163831,996.7240563,2.223710726,9.318645896,0.001392418,111.001199
-3815.995,0.002713342,0.00255129,0.30214528,1002.792942,2.644984096,9.218810743,0.001345853,110.7913669
-3815.975,0.002706487,0.002537472,0.332945935,1003.868525,2.787338937,9.232709777,0.001289683,110.5815348
-3815.955,0.002124638,0.002349958,0.361204694,991.1538462,2.881469468,9.037268197,0.001213978,110.3717026
-3815.935,0.002173404,0.002221301,0.266152272,1010.159293,2.128804409,9.185525565,0.001397433,110.1618705
-3815.915,0.002385028,0.002226268,0.414733865,1007.851306,3.753139747,8.832658655,0.001100946,109.9520384
-3815.895,0.00236582,0.002707675,0.392225443,1002.536339,3.950385709,9.069058352,0.001193996,109.7422062
-3815.875,0.002257517,0.002254545,0.303431655,998.9478892,2.482765003,9.274830178,0.001478725,109.5323741
-3815.855,0.002517665,0.002446149,0.372818137,1013.074285,3.267253686,9.113635972,0.001278101,109.322542
-3815.835,0.00285308,0.002765904,0.332667171,999.2076814,2.856099171,9.362763415,0.001498917,109.1127098
-3815.815,0.002454285,0.002721738,0.373938223,1002.009916,3.044826245,9.289958783,0.001456701,108.9028777
-3815.795,0.002651803,0.00264503,0.41084867,1010.25634,3.750168684,9.229305844,0.001329892,108.6930456
-3815.775,0.002333865,0.002266064,0.411379096,997.2798245,3.480904244,8.992029281,0.001271361,108.4832134
-3815.755,0.002199395,0.002286382,0.471923753,1016.643331,3.959434052,9.209236694,0.00125217,108.2733813
-3815.735,0.002409249,0.002431603,0.446169643,987.92481,3.844092109,9.225406377,0.001324958,108.0635492
-3815.715,0.002394927,0.002472233,0.419358421,1010.94387,3.664568538,9.087723051,0.001168389,107.853717
-3815.695,0.002380526,0.002481391,0.358395431,1004.626041,3.062685528,9.143869059,0.001205797,107.6438849
-3815.675,0.002558818,0.002707663,0.353059448,986.9367689,3.103501589,9.111978161,0.001196242,107.4340528
-3815.655,0.002622788,0.002543137,0.398272924,1003.806499,3.037378427,9.369202129,0.001320479,107.2242206
-3815.635,0.002411503,0.002520835,0.464249898,995.1848503,3.552375193,9.079516225,0.001282494,107.0143885
-3815.615,0.002237488,0.002402204,0.405774621,995.9339031,3.46733593,9.184586801,0.001230954,106.8045564
-3815.595,0.00227096,0.002360481,0.331810358,1008.220911,3.078123428,9.505114608,0.001372899,106.5947242
-3815.575,0.002403941,0.002472154,0.343721374,993.0314343,2.88493901,9.165434958,0.001391292,106.3848921
-3815.555,0.002269362,0.00245627,0.308677343,1004.494929,2.412950522,9.262417437,0.00141061,106.17506
-3815.535,0.002324426,0.00222662,0.343407719,1014.237468,2.885364313,9.387534337,0.00132,105.9652278
-3815.515,0.002417954,0.002348309,0.280004604,990.0440134,2.445516458,9.333029443,0.001465485,105.7553957
-3815.495,0.002213122,0.002099875,0.510113542,1001.882554,3.385171554,9.256984171,0.00131017,105.5455635
-3815.475,0.002284901,0.002233359,0.529372659,999.3508944,3.769194166,9.157790516,0.001242955,105.3357314
-3815.455,0.002285289,0.002253687,0.547672452,1012.963884,3.860072448,9.234658988,0.001270857,105.1258993
-3815.435,0.002197863,0.002330809,0.454299037,994.2540706,3.142162951,9.149573389,0.001309797,104.9160671
-3815.415,0.002275045,0.0023972,0.339815079,1001.922819,2.379802549,9.405415241,0.001444838,104.706235
-3815.395,0.002594099,0.002467293,0.365966304,997.843606,2.515657798,9.385640454,0.001488152,104.4964029
-3815.375,0.002590316,0.002556381,0.356142728,1006.648765,2.399238348,9.504230194,0.001485279,104.2865707
-3815.355,0.002197461,0.002343955,0.341739726,1001.713262,2.296310367,9.39761468,0.001546636,104.0767386
-3815.335,0.002112101,0.001963155,0.39187771,995.6449862,2.660862215,9.132572595,0.001410688,103.8669065
-3815.315,0.002104955,0.002121583,0.438727724,1001.982558,3.525222149,9.157422574,0.001347159,103.6570743
-3815.295,0.002605446,0.00257762,0.517927358,1009.033548,4.391018925,9.085035764,0.001222501,103.4472422
-3815.275,0.002347149,0.002280977,0.482496608,997.7125663,3.696117719,9.073196923,0.001290071,103.2374101
-3815.255,0.002167411,0.002147499,0.452863108,995.2635676,3.471507346,9.280961644,0.001369419,103.0275779
-3815.235,0.002385818,0.002310803,0.428419656,1001.190032,3.530368125,9.120524278,0.001214033,102.8177458
-3815.215,0.002464189,0.002498649,0.409263718,999.4489545,3.69369535,9.170678011,0.001281045,102.6079137
-3815.195,0.002201832,0.002301198,0.435870019,981.9182356,3.833244499,9.078467914,0.00124567,102.3980815
-3815.175,0.002369612,0.002260597,0.495429563,1006.781682,4.175682861,9.107017263,0.001144138,102.1882494
-3815.155,0.002430984,0.002519597,0.396296541,1010.651695,3.519756022,9.136412901,0.001230082,101.9784173
-3815.135,0.002286712,0.00239177,0.381150244,994.8750463,3.296853856,9.220077938,0.001328559,101.7685851
-3815.115,0.002482604,0.002561029,0.355944159,995.9386746,3.07050643,9.292491926,0.001432454,101.558753
-3815.095,0.002615707,0.002585218,0.345299584,997.5800509,3.025496415,9.24598726,0.001318452,101.3489209
-3815.075,0.002301794,0.002301069,0.318422543,998.5950482,2.633448157,9.110857269,0.001346664,101.1390887
-3815.055,0.002466208,0.002516852,0.411172376,1005.666359,4.042674703,9.147014043,0.001251861,100.9292566
-3815.035,0.002527998,0.002632785,0.429469911,998.6082189,4.164848045,9.209087391,0.001224833,100.7194245
-3815.015,0.002555691,0.002483234,0.401572698,996.6602409,3.83764349,9.083813867,0.001220346,100.5095923
-3814.995,0.002784962,0.002652111,0.382551109,996.9843358,3.727385293,9.111913785,0.001299802,100.2997602
-3814.975,0.002564636,0.002568089,0.369706901,1005.17665,3.355512466,9.305397156,0.001416843,100.0899281
-3814.955,0.002339149,0.002367128,0.387572368,981.6284521,3.338559927,9.111028189,0.001303638,99.88009592
-3814.935,0.002706909,0.002659723,0.318331214,998.2226562,3.412294796,9.163399852,0.001272348,99.67026379
-3814.915,0.003000575,0.002709107,0.375053034,1000.075815,3.566042253,9.26369351,0.001295756,99.46043165
-3814.895,0.002557646,0.002503665,0.331723838,1001.67948,3.107110098,9.326011381,0.001290287,99.25059952
-3814.875,0.002643884,0.002422039,0.490825044,1002.856576,4.51331957,9.012823478,0.001141948,99.04076739
-3814.855,0.002539519,0.002396148,0.410051023,1000.790293,4.008522376,9.051548626,0.001124944,98.83093525
-3814.835,0.002334922,0.002486249,0.435612891,1000.410583,4.165837524,9.072326392,0.001141583,98.62110312
-3814.815,0.002584409,0.002406807,0.336722803,1004.555309,3.226594913,9.327941557,0.001294318,98.41127098
-3814.795,0.002695236,0.002396667,0.287829797,1005.547967,2.718870127,9.497441835,0.00131577,98.20143885
-3814.775,0.002603818,0.00236909,0.320189516,983.4219833,3.112177005,9.25306871,0.001284988,97.99160671
-3814.755,0.002381837,0.002426286,0.326099914,992.4842914,3.403233221,9.349172955,0.001294032,97.78177458
-3814.735,0.002474154,0.002332631,0.416413343,984.7756404,3.751026587,8.923807752,0.001162091,97.57194245
-3814.715,0.002138304,0.002501995,0.480509899,1010.181463,4.288850184,9.246478158,0.001190646,97.36211031
-3814.695,0.002493804,0.002497717,0.508869868,1003.644183,5.201157155,9.292930087,0.001223041,97.15227818
-3814.675,0.002363887,0.002401241,0.426472802,1000.515372,4.495759322,9.395271023,0.001321951,96.94244604
-3814.655,0.002223734,0.002248482,0.373889688,1012.030419,3.810890992,9.609301927,0.001409555,96.73261391
-3814.635,0.002584767,0.002380916,0.42782029,992.9544655,4.524209289,9.341801113,0.001374355,96.52278177
-3814.615,0.002480866,0.002349537,0.412380917,990.6173195,4.397851164,9.639610307,0.00138253,96.31294964
-3814.595,0.002272366,0.002222846,0.419443253,1004.699171,4.272997728,9.573308788,0.001343575,96.10311751
-3814.575,0.002455021,0.002265509,0.467189817,995.4101339,4.477823581,9.468553266,0.00136512,95.89328537
-3814.555,0.002505481,0.002548741,0.498725467,997.0896576,5.391136033,9.135486868,0.001283213,95.68345324
-3814.535,0.002601225,0.002386038,0.518113188,989.42252,4.704394192,9.238998504,0.00133731,95.4736211
-3814.515,0.002336715,0.002553763,0.494386129,997.6817886,5.113453809,9.457188059,0.001458369,95.26378897
-3814.495,0.002487625,0.002429627,0.469271628,997.5837757,4.703846027,9.126712694,0.00134595,95.05395683
-3814.475,0.002308852,0.002480869,0.299140675,1004.893311,3.225110126,9.533274848,0.001538072,94.8441247
-3814.455,0.002188059,0.0023684,0.413281669,985.5097147,3.412713158,9.452674763,0.001449881,94.63429257
-3814.435,0.002467982,0.002436332,0.305873303,989.52348,2.862028463,9.532550542,0.001519521,94.42446043
-3814.415,0.00254108,0.002569205,0.371438022,989.9167422,3.463748686,9.477173634,0.001335584,94.2146283
-3814.395,0.002435074,0.002450512,0.294137043,993.6932053,2.959778156,9.558200663,0.00122638,94.00479616
-3814.375,0.002303432,0.002204043,0.310618307,993.5214984,2.894848601,9.662411842,0.001364342,93.79496403
-3814.3472,0.002231574,0.002208166,0.466425288,994.6947739,4.153976134,9.152764687,0.001226291,93.58513189
-3814.3194,0.002144203,0.00229225,0.468255421,999.0625222,4.211255489,9.06593555,0.001216284,93.37529976
-3814.2917,0.002619708,0.002385653,0.410949606,1000.854381,3.789606178,9.26022984,0.001316426,93.16546763
-3814.2639,0.002406405,0.002423408,0.442331522,1028.942283,3.882462072,9.123470275,0.00126354,92.95563549
-3814.2361,0.00246914,0.002569598,0.460843699,1008.949258,4.2293709,9.180849362,0.001280495,92.74580336
-3814.2083,0.002172333,0.002283397,0.437982315,999.612717,3.770507948,9.129763755,0.001291762,92.53597122
-3814.1806,0.002206458,0.002256245,0.362729847,985.6953971,3.367391539,9.086385514,0.001358808,92.32613909
-3814.1528,0.002654725,0.002776047,0.4434166,993.5862065,4.375808318,9.323563827,0.001289271,92.11630695
-3814.125,0.002842296,0.002773185,0.369237553,1001.385571,3.6759928,9.364235644,0.001338845,91.90647482
-3814.0972,0.002615179,0.002626461,0.399906486,991.1032067,3.964523655,9.159718187,0.001249992,91.69664269
-3814.0694,0.002100239,0.002189171,0.285978183,990.7511271,3.076067202,9.306969023,0.001330799,91.48681055
-3814.0417,0.002333934,0.002302835,0.464358056,981.1765773,4.462482071,8.895133123,0.00113311,91.27697842
-3814.0139,0.002643817,0.002419234,0.443620823,1003.246845,4.458496504,9.07828914,0.00117767,91.06714628
-3813.9861,0.002377632,0.00238441,0.45913979,983.9335047,4.4751082,8.8841611,0.001067718,90.85731415
-3813.9583,0.002372447,0.00239606,0.362310208,996.7579966,3.416704221,9.076328145,0.001293467,90.64748201
-3813.9306,0.002563126,0.002596617,0.350207957,1003.243431,3.640507064,9.164375133,0.001318222,90.43764988
-3813.9028,0.002260687,0.002509517,0.315971941,988.0591112,3.08938273,9.159537269,0.001350132,90.22781775
-3813.875,0.002659233,0.002669529,0.360756301,999.787617,3.762537493,9.170596813,0.001288891,90.01798561
-3813.8472,0.002388428,0.002490784,0.341434216,1005.811446,3.564940742,9.265921958,0.001236126,89.80815348
-3813.8194,0.002492269,0.002543067,0.400783523,1003.942558,4.572839447,9.041833906,0.00111481,89.59832134
-3813.7917,0.002747106,0.002467214,0.381917559,997.1396117,4.509520766,9.090909281,0.001167069,89.38848921
-3813.7639,0.002682426,0.002611407,0.359661195,1005.885633,4.62620053,9.318530091,0.001272863,89.17865707
-3813.7361,0.002477291,0.002538017,0.401052977,1003.235918,4.309096554,9.175068019,0.001341196,88.96882494
-3813.7083,0.002884457,0.002776838,0.345219321,998.3670364,3.913150825,9.463302559,0.001310055,88.75899281
-3813.6806,0.003027538,0.00284426,0.344156315,991.1188619,3.94713457,9.35130196,0.001228178,88.54916067
-3813.6528,0.002624456,0.002635573,0.374872363,1000.882362,4.156639188,9.311680341,0.001191591,88.33932854
-3813.625,0.002446477,0.002558364,0.314984993,995.0497104,3.773920558,9.329762999,0.001248701,88.1294964
-3813.5972,0.00267763,0.002363023,0.324589615,986.5021193,3.54197452,9.354091883,0.001272696,87.91966427
-3813.5694,0.002506762,0.002492543,0.426004323,1003.573132,4.34492788,9.288598661,0.001169109,87.70983213
-3813.5417,0.002380314,0.002369719,0.337416587,1006.329423,4.187199485,9.459933843,0.001244237,87.5
-3813.5139,0.002391561,0.002315229,0.41355336,1003.836303,4.169985911,9.156783539,0.001110824,87.29016787
-3813.4861,0.002271548,0.002288553,0.2696673,1010.55213,2.824806375,9.560246521,0.001217942,87.08033573
-3813.4583,0.002753022,0.002577062,0.40750662,1001.12586,4.282134381,9.157884196,0.001120001,86.8705036
-3813.4306,0.002389094,0.002385564,0.34982628,1012.588258,3.598095827,9.440093851,0.001260302,86.66067146
-3813.4028,0.002351664,0.002469614,0.400623106,1001.821061,3.902820908,9.363292943,0.001230571,86.45083933
-3813.375,0.002451644,0.0024131,0.366721451,1014.250286,3.670608566,9.477871482,0.00129203,86.24100719
-3813.3528,0.002126298,0.002236832,0.300297763,988.8353258,3.110396572,9.450234789,0.00133792,86.03117506
-3813.3306,0.002075578,0.002185758,0.337360971,978.0257722,3.706694907,9.237831663,0.001323404,85.82134293
-3813.3083,0.002188647,0.002065125,0.360513755,994.157267,3.833567777,9.477677912,0.001357922,85.61151079
-3813.2861,0.002027657,0.002086728,0.502711527,983.2550957,4.977357843,9.067656451,0.00126627,85.40167866
-3813.2639,0.002377531,0.002421528,0.593920254,1002.462929,5.652145237,9.066586788,0.001234543,85.19184652
-3813.2417,0.002379187,0.002481953,0.599885524,996.6593607,6.422423212,9.247865899,0.001268276,84.98201439
-3813.2194,0.002404643,0.002403199,0.523676748,995.0819913,5.687825111,9.359904914,0.0013982,84.77218225
-3813.1972,0.002225846,0.002379569,0.556975389,995.4084544,6.196576767,9.39867841,0.0013373,84.56235012
-3813.175,0.002252774,0.00235859,0.613793299,1004.183186,6.158569852,9.363353543,0.001376313,84.35251799
-3813.1528,0.002392275,0.002263125,0.577706076,994.9818585,5.863669648,9.239813426,0.001342039,84.14268585
-3813.1306,0.002799014,0.002734191,0.549647156,1003.082119,6.002788701,9.450951,0.001327998,83.93285372
-3813.1083,0.002445872,0.002395058,0.564412215,998.1788444,6.732743068,9.306494894,0.001265599,83.72302158
-3813.0861,0.002482806,0.002407161,0.581877684,1002.838123,7.517987536,9.321882137,0.001297443,83.51318945
-3813.0639,0.002216213,0.002166952,0.506408177,983.92594,7.087454229,9.199006171,0.001414443,83.30335731
-3813.0417,0.003919038,0.003793077,0.29803985,997.3380229,3.254214233,9.194886397,0.001515361,83.09352518
-3813.0194,0.004162517,0.00416951,0.336302925,999.4052726,3.36565071,9.011298233,0.001490658,82.88369305
-3812.9972,0.005353517,0.005422137,0.374311278,987.5051525,4.590509622,8.939587098,0.001236165,82.67386091
-3812.975,0.004725908,0.005005303,0.344536123,1007.515682,3.571129974,8.97949078,0.001398027,82.46402878
-3812.9528,0.005185609,0.005032717,0.325620255,1000.316494,3.272851564,8.942497012,0.001397267,82.25419664
-3812.9306,0.00522942,0.005254084,0.327958317,1009.086529,3.217643109,9.123780303,0.001393216,82.04436451
-3812.9083,0.005569052,0.005855687,0.265623704,1007.21232,2.638979169,9.15504402,0.001511354,81.83453237
-3812.8861,0.005452291,0.005313663,0.275938134,1009.54392,2.470991355,9.199204671,0.001375112,81.62470024
-3812.8639,0.005326289,0.00502072,0.253645401,1006.077339,2.177102748,9.438696485,0.001589177,81.41486811
-3812.8417,0.005370135,0.005497677,0.294728019,1005.748274,2.491852061,9.310011059,0.0016865,81.20503597
-3812.8194,0.004810654,0.004896152,0.279736121,1001.226711,2.183197953,9.514733573,0.001611587,80.99520384
-3812.7972,0.004845456,0.004972902,0.256674177,1001.58025,1.925848901,9.555703289,0.001647622,80.7853717
-3812.775,0.004566979,0.0045332,0.301612006,1004.509719,2.337149212,9.371349788,0.001543821,80.57553957
-3812.7528,0.0039662,0.003855388,0.295901726,998.0890922,2.2513084,9.275177014,0.00159957,80.36570743
-3812.7306,0.003690606,0.003652721,0.268937502,1013.774671,1.947159977,9.430962697,0.001705383,80.1558753
-3812.7083,0.003766082,0.003732493,0.275934179,1006.221975,1.959358298,9.354722966,0.001703786,79.94604317
-3812.6861,0.003392714,0.003499001,0.260505276,999.1326009,1.729984584,9.415740205,0.001599486,79.73621103
-3812.6639,0.003390754,0.003581865,0.237018308,1006.46518,1.527348425,9.379120909,0.001687086,79.5263789
-3812.6417,0.00410173,0.004251921,0.260030005,1003.996476,1.766941884,9.444673603,0.001734544,79.31654676
-3812.6194,0.00438152,0.004046045,0.26992731,991.0566855,1.739439027,9.312943149,0.001657737,79.10671463
-3812.5972,0.003637051,0.003703445,0.278774165,997.4314446,1.730038304,9.350992256,0.001723519,78.89688249
-3812.575,0.002838301,0.003018226,0.235250104,1006.54319,1.414389254,9.449816858,0.001788504,78.68705036
-3812.5528,0.003206349,0.003266596,0.302452719,997.5726935,1.78813048,9.336254472,0.001695363,78.47721823
-3812.5306,0.004065103,0.003818764,0.29844192,1004.515805,2.104101457,9.506335893,0.001731278,78.26738609
-3812.5083,0.004149283,0.003977801,0.348007639,1005.231952,2.686438764,9.472200116,0.001532512,78.05755396
-3812.4861,0.003975659,0.004027039,0.356938425,1005.848082,2.656495253,9.342702452,0.001636032,77.84772182
-3812.4639,0.004129391,0.004457306,0.310160152,1019.669067,2.199206508,9.536060426,0.001751944,77.63788969
-3812.4417,0.004758728,0.004566061,0.289590691,993.6299789,2.231333664,9.371604434,0.0017686,77.42805755
-3812.4194,0.004806044,0.004419752,0.260741126,1010.867293,1.922856708,9.494137342,0.001728664,77.21822542
-3812.3972,0.003419314,0.003534275,0.347409728,1008.018553,2.291029662,9.539730413,0.001773575,77.00839329
-3812.375,0.003388505,0.003637251,0.368705018,1003.988428,2.60193556,9.642177467,0.00167569,76.79856115
-3812.3523,0.003567651,0.003758195,0.354459273,986.8886529,2.863798182,9.260336167,0.00150326,76.58872902
-3812.3295,0.00341084,0.003728286,0.346012529,1015.822879,2.794704921,9.462040081,0.001551527,76.37889688
-3812.3068,0.003196883,0.003274668,0.404520787,1008.300344,2.733701093,9.407493082,0.00157348,76.16906475
-3812.2841,0.003796697,0.003842432,0.396204623,1000.602592,2.976314619,9.324625845,0.001545446,75.95923261
-3812.2614,0.003488463,0.003473116,0.354992382,999.5912355,2.541182922,9.458763827,0.001622677,75.74940048
-3812.2386,0.003784047,0.003906908,0.348831403,991.3801574,2.272993376,9.122254373,0.001638396,75.53956835
-3812.2159,0.015387332,0.009651594,0.741967079,981.6757303,86.25951677,10.11193142,0.00121216,75.32973621
-3812.1932,0.003744428,0.003697986,0.333335068,994.7408955,2.121924216,9.336351653,0.00164205,75.11990408
-3812.1705,0.003614823,0.003469892,0.311626972,989.5901725,1.966556259,9.160748328,0.001590467,74.91007194
-3812.1477,0.004095512,0.003678535,0.317136671,1003.675831,2.099706793,9.164744934,0.001565385,74.70023981
-3812.125,0.003872186,0.003951186,0.284149243,1001.5694,2.154502968,8.991170718,0.001433565,74.49040767
-3812.1023,0.002845847,0.002965683,0.310476501,1005.45117,2.279712574,8.925443298,0.001368352,74.28057554
-3812.0795,0.002884811,0.002806764,0.3417068,1006.638909,2.390109504,8.881549327,0.0013877,74.07074341
-3812.0568,0.002756168,0.002986377,0.360319242,1011.697542,2.55428035,8.900626227,0.001425847,73.86091127
-3812.0341,0.003636156,0.003509393,0.33622262,998.5949297,2.734163297,8.929765526,0.001377488,73.65107914
-3812.0114,0.004178437,0.003942182,0.3528179,1005.230841,3.233020558,8.977760042,0.001285025,73.441247
-3811.9886,0.003132703,0.003369285,0.376754595,999.5817312,3.092879035,8.8286316,0.001355559,73.23141487
-3811.9659,0.003487153,0.003240931,0.347979531,1005.513883,2.548849931,8.999585104,0.001480627,73.02158273
-3811.9432,0.003322152,0.003386843,0.280325445,996.7841848,2.217212497,9.125123271,0.001511574,72.8117506
-3811.9205,0.003190512,0.003138358,0.302592937,1001.338428,2.19437649,9.111538114,0.001592926,72.60191847
-3811.8977,0.002692053,0.002768404,0.339507228,1009.022392,2.418628184,8.978973227,0.001512742,72.39208633
-3811.875,0.00328208,0.002944072,0.355961533,1005.357476,2.567030129,9.01841952,0.001523412,72.1822542
-3811.8523,0.003046237,0.003010887,0.35296128,1006.546538,2.468919632,8.985512186,0.001472432,71.97242206
-3811.8295,0.002876715,0.003017921,0.355333723,1004.763112,2.518397407,9.029421207,0.001522802,71.76258993
-3811.8068,0.002955737,0.002911566,0.308199779,997.6510524,2.040279727,9.104884083,0.001522569,71.55275779
-3811.7841,0.003028099,0.002856747,0.301768716,992.2100438,1.979035204,8.909220043,0.001479771,71.34292566
-3811.7614,0.003075373,0.003182674,0.31838154,988.6165297,2.091815476,8.843976004,0.001517969,71.13309353
-3811.7386,0.00308266,0.003051033,0.294474734,1014.792596,1.923711308,9.156030953,0.001606489,70.92326139
-3811.7159,0.00335408,0.003447416,0.308571165,1000.084123,2.155054604,9.042083341,0.001520834,70.71342926
-3811.6932,0.00326612,0.003312484,0.294749215,1005.940838,2.027687992,9.086008283,0.001561127,70.50359712
-3811.6705,0.003196191,0.0032086,0.240482042,1006.801063,1.626646858,9.156102761,0.001691109,70.29376499
-3811.6477,0.003182081,0.003413283,0.294244505,1000.8726,2.000194993,9.217833015,0.001594099,70.08393285
-3811.625,0.003378653,0.003582673,0.283623248,1007.266213,1.981208235,9.110499978,0.001613323,69.87410072
-3811.6023,0.003471735,0.003350134,0.255886612,1005.258077,1.723213378,9.1778229,0.001735537,69.66426859
-3811.5795,0.003487089,0.003529677,0.277249784,992.8911708,1.839880297,9.172018121,0.001685546,69.45443645
-3811.5568,0.00331766,0.003491443,0.291076027,1003.840703,1.74819175,9.270394815,0.001716558,69.24460432
-3811.5341,0.003307817,0.003174555,0.349537785,1010.653023,1.771021372,9.367777484,0.001723476,69.03477218
-3811.5114,0.00326744,0.003141346,0.317773347,1005.522749,1.910311781,9.2234945,0.001626914,68.82494005
-3811.4886,0.003608246,0.003759771,0.345258956,998.9461976,2.439500147,9.170657839,0.001518995,68.61510791
-3811.4659,0.004259641,0.004073017,0.325536463,1007.641918,2.285492379,9.369754842,0.001625185,68.40527578
-3811.4432,0.003772149,0.003881786,0.290404006,1003.948599,1.986399863,9.297277228,0.001568229,68.19544365
-3811.4205,0.003715406,0.003943197,0.315668804,1005.838734,2.21478612,9.2289372,0.001597659,67.98561151
-3811.3977,0.003690187,0.003699335,0.354895502,1000.38012,2.158767228,9.361578552,0.001713472,67.77577938
-3811.375,0.003565751,0.003718901,0.338776932,1008.4432,1.986255782,9.448843798,0.001774689,67.56594724
-3811.3447,0.003149118,0.003235797,0.319672662,994.6335665,1.913250525,9.300531366,0.001730723,67.35611511
-3811.3144,0.003672422,0.003647478,0.344772995,1001.251615,2.17948976,9.370343598,0.001681883,67.14628297
-3811.2841,0.003655531,0.003381707,0.30696883,1004.110846,1.903133619,9.126858622,0.001585432,66.93645084
-3811.2538,0.003566366,0.00365272,0.289409101,1001.47218,1.793536969,9.316593502,0.001580489,66.72661871
-3811.2235,0.003539078,0.003778892,0.267665719,1004.583344,1.680319137,9.203536497,0.001549235,66.51678657
-3811.1932,0.003716628,0.003676928,0.330519851,1004.776872,2.220366111,9.05282534,0.001489307,66.30695444
-3811.1629,0.003836555,0.003722422,0.325198878,995.5088616,2.343171826,9.069731922,0.001411498,66.0971223
-3811.1326,0.003912258,0.003787774,0.333944852,1007.385238,2.347072727,9.16627904,0.001426422,65.88729017
-3811.1023,0.003455357,0.003508878,0.328178168,996.1321047,2.241779777,8.875604235,0.001420763,65.67745803
-3811.072,0.002905194,0.003211824,0.32169132,1001.142722,2.255255957,9.001742762,0.001345073,65.4676259
-3811.0417,0.002705973,0.002824359,0.250943142,991.0329222,1.768403064,8.876665682,0.001305261,65.25779376
-3811.0114,0.002431673,0.00270975,0.319652386,1002.006074,2.228349707,8.86736155,0.001369028,65.04796163
-3810.9811,0.002663477,0.002634436,0.33809312,997.3848916,2.472088463,8.685698689,0.001296278,64.8381295
-3810.9508,0.002522649,0.002639732,0.330640467,1008.09166,2.474304722,8.84981948,0.001326649,64.62829736
-3810.9205,0.002705119,0.00274618,0.326797864,1004.372696,2.48311261,8.895472753,0.001326574,64.41846523
-3810.8902,0.00261203,0.002558825,0.342058727,1004.656962,2.432882824,8.96133745,0.001417282,64.20863309
-3810.8598,0.002971543,0.002898443,0.390974665,1006.713947,2.980965922,8.84061596,0.001270508,63.99880096
-3810.8295,0.002808207,0.003038667,0.400584399,1005.555901,3.302237614,8.835253279,0.001233301,63.78896882
-3810.7992,0.003209042,0.003238094,0.386300176,1015.938343,3.19714036,9.061421776,0.001326528,63.57913669
-3810.7689,0.003205595,0.003329967,0.359790873,1001.641066,3.040094113,8.906163754,0.001338223,63.36930456
-3810.7386,0.002665372,0.002750577,0.341238828,998.1047285,2.563762793,8.871369428,0.0013652,63.15947242
-3810.7083,0.003140749,0.003046177,0.334964649,1003.919683,2.642191963,8.911780687,0.001355584,62.94964029
-3810.678,0.003239513,0.003221924,0.330700952,1003.01746,2.635120402,8.991716171,0.001414175,62.73980815
-3810.6477,0.003133526,0.0030929,0.325137321,987.6643683,2.243831236,9.04789579,0.001500313,62.52997602
-3810.6174,0.002643726,0.002944292,0.284529567,1008.506069,1.83481679,9.148928594,0.00163563,62.32014388
-3810.5871,0.00319304,0.002981309,0.285490194,1006.313168,1.808469077,9.206264216,0.001582669,62.11031175
-3810.5568,0.002774513,0.00314542,0.299824422,999.1361044,1.74452642,8.958228251,0.001562639,61.90047962
-3810.5265,0.002518244,0.002670289,0.276692323,1001.190255,1.654720072,9.108942339,0.001525752,61.69064748
-3810.4962,0.002912314,0.003208713,0.279841037,994.2824499,1.849328641,9.086164858,0.001575262,61.48081535
-3810.4659,0.003845012,0.003832654,0.319553859,993.5632983,2.116438323,9.112568228,0.001551693,61.27098321
-3810.4356,0.003866834,0.003731479,0.396646844,995.7641991,2.400144475,9.115521669,0.001470896,61.06115108
-3810.4053,0.004011317,0.00395477,0.407974576,1000.956901,2.631105074,8.999173785,0.001469507,60.85131894
-3810.375,0.003548444,0.003677603,0.337211738,1008.145535,2.263182004,9.292078144,0.001715259,60.64148681
-3810.3447,0.002987172,0.003036316,0.423521499,1000.851235,2.468919315,9.277655713,0.001538103,60.43165468
-3810.3144,0.003348725,0.003183846,0.407754749,1001.754549,2.419706971,9.284875321,0.001549544,60.22182254
-3810.2841,0.003521651,0.003520154,0.371833825,1007.559797,2.384809836,9.307434779,0.001630602,60.01199041
-3810.2538,0.003426194,0.003643744,0.379448456,992.4921784,2.660490644,8.967767072,0.001531964,59.80215827
-3810.2235,0.003760634,0.00384657,0.359295905,1015.710652,2.539741419,9.282619341,0.001597135,59.59232614
-3810.1932,0.00341236,0.003641393,0.447754809,1015.054459,2.957909276,9.024147375,0.001370965,59.382494
-3810.1629,0.003375272,0.003040095,0.393429105,1011.443532,2.674294284,9.02081873,0.001416442,59.17266187
-3810.1326,0.003798134,0.003627605,0.349610038,1010.242776,2.588097295,9.129783635,0.001469193,58.96282974
-3810.1023,0.003661419,0.003815813,0.318477623,1003.910265,2.467708723,9.14583908,0.001525272,58.7529976
-3810.072,0.00374099,0.003759838,0.37556754,998.9838946,2.782120972,9.076022871,0.00145615,58.54316547
-3810.0417,0.003780737,0.004065173,0.314821621,1001.057064,2.371679184,9.211765647,0.001641901,58.33333333
-3810.0114,0.004229107,0.003915182,0.365094422,1005.589491,2.762352573,9.107452786,0.001432454,58.1235012
-3809.9811,0.004156102,0.004180413,0.386365533,1018.69859,3.054967883,9.07259592,0.001346287,57.91366906
-3809.9508,0.004325665,0.004391437,0.385235425,998.321152,2.83465856,8.983546971,0.001479733,57.70383693
-3809.9205,0.00591216,0.005762194,0.371848197,1006.915071,2.873179047,9.313899021,0.001603507,57.4940048
-3809.8902,0.005859166,0.005806525,0.35582117,998.5627102,2.575671018,9.118964907,0.001484634,57.28417266
-3809.8598,0.005808729,0.005946627,0.329755702,1002.355995,2.229092436,9.213182386,0.001564777,57.07434053
-3809.8295,0.005796593,0.006041605,0.312954295,996.6651776,2.323546384,9.247716752,0.001474692,56.86450839
-3809.7992,0.005326259,0.005652756,0.275243314,1004.00303,2.11836236,9.137587771,0.001399981,56.65467626
-3809.7689,0.004439968,0.004508735,0.29575589,1003.207042,2.102714158,9.225779297,0.001359904,56.44484412
-3809.7386,0.003845485,0.003730656,0.291747475,1000.196683,2.077273556,9.144371741,0.001370435,56.23501199
-3809.7083,0.003348512,0.003449519,0.299122819,1008.621369,2.065906425,9.120532074,0.00138613,56.02517986
-3809.678,0.003180121,0.003289167,0.267176995,996.38527,1.592516502,9.178546207,0.001536197,55.81534772
-3809.6477,0.002604158,0.002859064,0.265585335,1004.874093,1.511377532,9.16691769,0.001546541,55.60551559
-3809.6174,0.003134445,0.003100712,0.301734398,1005.5567,1.943144737,9.126719652,0.001541389,55.39568345
-3809.5871,0.002972385,0.003004356,0.323853088,1006.659668,1.790038795,9.056910466,0.0016033,55.18585132
-3809.5568,0.002952297,0.0029246,0.275379354,997.2645038,1.540015849,9.071027682,0.0016164,54.97601918
-3809.5265,0.003314636,0.003320933,0.305160522,1004.376744,1.773922036,9.155594825,0.00156965,54.76618705
-3809.4962,0.003202197,0.003296169,0.311208615,994.4744426,1.830699849,9.161114688,0.001541272,54.55635492
-3809.4659,0.00298979,0.003330434,0.318305073,992.6171839,1.870347558,9.112273067,0.001640888,54.34652278
-3809.4356,0.002930884,0.002734837,0.305749496,1022.020512,1.800443766,9.271457969,0.00167398,54.13669065
-3809.4053,0.002305863,0.002565475,0.323181834,991.2871617,1.915300505,8.928875272,0.001563139,53.92685851
-3809.375,0.002746091,0.002780782,0.28569176,1011.844783,1.625271825,9.311647843,0.001660561,53.71702638
-3809.3427,0.002596271,0.002657722,0.271114187,1001.614985,1.525431553,9.062363875,0.001608102,53.50719424
-3809.3105,0.002335131,0.002304039,0.260271883,992.1582477,1.353250324,8.892795144,0.001670048,53.29736211
-3809.2782,0.002333455,0.00239016,0.293848977,1003.209499,1.636808005,8.835288382,0.001565353,53.08752998
-3809.246,0.002455339,0.002680784,0.301669099,999.9793785,1.783650163,8.890162578,0.001473634,52.87769784
-3809.2137,0.002842945,0.002807069,0.302263889,1005.555225,1.95929223,9.00707044,0.001374209,52.66786571
-3809.1815,0.002977091,0.002642802,0.276564695,1002.864394,1.649701367,8.953202241,0.001376942,52.45803357
-3809.1492,0.003191576,0.003114632,0.309162435,1006.615288,2.045349025,8.897573235,0.001367489,52.24820144
-3809.1169,0.003096671,0.002844075,0.286832256,1009.302093,1.778928243,8.927009308,0.001475286,52.0383693
-3809.0847,0.002622095,0.002696874,0.238668298,1011.190253,1.414982192,9.101031382,0.001591572,51.82853717
-3809.0524,0.00266112,0.002844352,0.287080344,1004.260436,1.807252773,8.880349824,0.001491169,51.61870504
-3809.0202,0.003008094,0.002794878,0.333484882,1004.645487,2.13905162,8.864316537,0.001378466,51.4088729
-3808.9879,0.002542788,0.002797902,0.341186455,993.0859071,2.256467342,8.74192968,0.001312904,51.19904077
-3808.9556,0.002746208,0.002763144,0.322440937,986.684062,2.241756225,8.640324151,0.001298223,50.98920863
-3808.9234,0.002698754,0.002649913,0.300623013,1002.509981,2.020531689,8.731397382,0.00139898,50.7793765
-3808.8911,0.002534892,0.002369511,0.253144018,1002.992429,1.473562651,8.729569534,0.001562199,50.56954436
-3808.8589,0.002626082,0.002539629,0.292834926,990.6821004,1.818303217,8.703001908,0.001464392,50.35971223
-3808.8266,0.002315974,0.00228272,0.274430291,1002.246325,1.694954567,8.774329909,0.001473518,50.1498801
-3808.7944,0.002529447,0.002606922,0.296126246,999.2525845,1.884317478,8.700657938,0.001417076,49.94004796
-3808.7621,0.003045875,0.003089659,0.301068474,999.1003646,2.009354775,8.901977236,0.001375743,49.73021583
-3808.7298,0.002705068,0.002950271,0.322972258,999.9248942,2.297028813,8.842473535,0.001288145,49.52038369
-3808.6976,0.00253352,0.00267081,0.345580829,997.7160282,2.188761093,8.831794748,0.001337169,49.31055156
-3808.6653,0.002820586,0.003043745,0.325142079,1010.227926,2.112053055,9.056800887,0.001397354,49.10071942
-3808.6331,0.002674193,0.002655597,0.30367949,998.5969185,1.858683003,9.045499042,0.001343834,48.89088729
-3808.6008,0.002406959,0.002628398,0.329577001,1008.856378,1.961345366,9.096898766,0.001434647,48.68105516
-3808.5685,0.002649742,0.002740112,0.322706903,996.3200605,2.069403387,9.017290072,0.00140354,48.47122302
-3808.5363,0.002453399,0.002675301,0.31893247,992.2291463,1.866876911,8.981753067,0.001449056,48.26139089
-3808.504,0.002831015,0.002913976,0.340627773,1001.053491,2.017470833,9.06815561,0.00143267,48.05155875
-3808.4718,0.002570194,0.002680759,0.361937683,1012.353001,1.971569143,9.155175585,0.001465709,47.84172662
-3808.4395,0.002432195,0.002463147,0.33450638,1011.112785,1.672151944,9.150200193,0.00155544,47.63189448
-3808.4073,0.002374481,0.002408758,0.298245975,1020.410105,1.503495842,9.256114324,0.001586666,47.42206235
-3808.375,0.002406671,0.002617815,0.346285097,1014.662681,1.796469195,9.273325594,0.001637773,47.21223022
-3808.3194,0.002802318,0.002812156,0.407114252,1004.959618,2.426921015,9.061534339,0.001443238,47.00239808
-3808.2639,0.002546425,0.002432528,0.343896058,1006.090693,1.980183852,9.073173852,0.001496802,46.79256595
-3808.2083,0.002761356,0.002728443,0.381999064,1002.550379,2.446694999,8.952570092,0.001320296,46.58273381
-3808.1528,0.003631229,0.003442011,0.385195818,1026.469255,2.570102926,9.077751641,0.001285587,46.37290168
-3808.0972,0.003196927,0.003149528,0.37262768,999.6265653,2.71138275,8.673378991,0.00119974,46.16306954
-3808.0417,0.002784574,0.002812195,0.309823052,1011.401531,2.113620964,8.987115127,0.001348963,45.95323741
-3807.9861,0.00282692,0.003124112,0.370321429,994.1732033,2.601144347,8.783284854,0.001294879,45.74340528
-3807.9306,0.003447534,0.003328377,0.307136526,1014.464252,1.936799816,9.256884618,0.001318468,45.53357314
-3807.875,0.003404447,0.003178544,0.336017273,1007.57762,2.159628916,8.92633086,0.001293206,45.32374101
-3807.8194,0.002539956,0.002749616,0.250154958,1012.780577,1.375397784,9.113582083,0.001471143,45.11390887
-3807.7639,0.003074667,0.00298219,0.295095943,999.860933,1.747378444,9.041241674,0.001470024,44.90407674
-3807.7083,0.002493047,0.002575606,0.298676637,996.797344,1.658696819,8.957931137,0.001404095,44.6942446
-3807.6528,0.002984348,0.003030361,0.321164207,1008.200058,1.875933952,9.106160059,0.001435851,44.48441247
-3807.5972,0.002574076,0.002511156,0.314273292,1003.524945,1.804956049,8.888099265,0.001388682,44.27458034
-3807.5417,0.002666105,0.00276242,0.364140121,993.99297,2.135263781,9.006014108,0.001369319,44.0647482
-3807.4861,0.003283031,0.003391245,0.303005718,1006.589254,1.843372341,9.227073927,0.001413778,43.85491607
-3807.4306,0.003661185,0.003808378,0.262614286,1003.470427,1.434141379,9.332999553,0.001460342,43.64508393
-3807.375,0.003442237,0.003206703,0.269398037,998.3213169,1.411176607,9.330281601,0.001497952,43.4352518
-3807.3162,0.003094211,0.003171918,0.269076685,1007.656917,1.661265522,9.130175558,0.001318171,43.22541966
-3807.2574,0.003553526,0.003407592,0.299768822,994.0159263,1.979890453,8.932680385,0.001248706,43.01558753
-3807.1985,0.00394909,0.003969507,0.296182618,1010.623579,1.832113161,9.377212179,0.001423005,42.8057554
-3807.1397,0.003016434,0.003008606,0.290888302,995.3582546,1.903167196,8.949470581,0.001368393,42.59592326
-3807.0809,0.002753375,0.002668029,0.312407573,1002.229728,2.05298518,9.032935591,0.001336204,42.38609113
-3807.0221,0.002735047,0.002667388,0.321914515,1022.212436,1.959347597,9.051950522,0.00145453,42.17625899
-3806.9632,0.002821195,0.002665548,0.322575541,989.6655502,1.95715669,8.808036803,0.001327438,41.96642686
-3806.9044,0.003025721,0.002928085,0.334659087,1000.662914,2.110361942,9.006763437,0.001407809,41.75659472
-3806.8456,0.002768086,0.002825179,0.348309355,992.4022982,2.077119649,8.811728239,0.001342236,41.54676259
-3806.7868,0.00286128,0.002789201,0.323317961,990.4052012,2.000680954,8.970199721,0.001391717,41.33693046
-3806.7279,0.002563982,0.002802506,0.319323776,1014.067573,1.954952215,9.084386448,0.001504212,41.12709832
-3806.6691,0.002801635,0.002830819,0.353515426,1008.01323,2.066874192,9.095488323,0.001471527,40.91726619
-3806.6103,0.002890094,0.002939375,0.295064908,987.7610243,1.678324885,8.978023751,0.001460951,40.70743405
-3806.5515,0.002506747,0.002520545,0.294715565,1003.392709,1.536963788,9.137394432,0.001539254,40.49760192
-3806.4926,0.002736185,0.002654837,0.272269427,1007.710369,1.380850813,9.083165636,0.001593493,40.28776978
-3806.4338,0.00231445,0.002403525,0.334553089,989.6034676,1.60754309,9.083269324,0.001592081,40.07793765
-3806.375,0.002177167,0.002099877,0.354283832,1006.078406,1.709346447,9.265028963,0.001607128,39.86810552
-3806.3417,0.001875783,0.001992976,0.303121671,1014.255664,1.424241403,9.203137113,0.001641466,39.65827338
-3806.3083,0.002298858,0.002445781,0.257265442,1002.612585,1.187031275,9.109612261,0.001584727,39.44844125
-3806.275,0.002710232,0.00279685,0.3698953,993.1189723,2.520135788,8.870150062,0.001271217,39.23860911
-3806.2417,0.003080983,0.003006721,0.375702088,1016.305285,2.63645511,9.050832067,0.001391371,39.02877698
-3806.2083,0.003476824,0.003335001,0.335077542,1001.18914,2.529758372,8.895431191,0.001395441,38.81894484
-3806.175,0.003722547,0.003516733,0.32880313,1003.172779,2.422092793,8.989130732,0.001405767,38.60911271
-3806.1417,0.003455007,0.003223656,0.382437167,1005.241378,2.734838921,8.930733849,0.001324298,38.39928058
-3806.1083,0.002924892,0.002834468,0.38551682,994.6325563,2.750702901,8.817974816,0.001257859,38.18944844
-3806.075,0.002755092,0.003108751,0.388352779,992.2107895,3.132684218,8.67850041,0.001192233,37.97961631
-3806.0417,0.002955873,0.002887984,0.378547621,993.2554297,2.993236845,8.762898458,0.001221693,37.76978417
-3806.0083,0.0028235,0.002967652,0.349828605,999.8900332,2.80135832,8.852370187,0.001290978,37.55995204
-3805.975,0.003016441,0.003000249,0.361022697,994.119208,2.9737037,8.68719172,0.001237776,37.3501199
-3805.9417,0.003983335,0.00423336,0.427798212,1017.115618,3.551401757,8.959553584,0.001171851,37.14028777
-3805.9083,0.003068043,0.003366152,0.41622209,1015.834767,3.084015734,8.713753869,0.001201552,36.93045564
-3805.875,0.004529411,0.004472418,0.401753037,1014.382802,3.321842879,8.932780268,0.001181477,36.7206235
-3805.8417,0.004400221,0.004318463,0.395010781,996.5918836,3.508778372,8.791275469,0.001136947,36.51079137
-3805.8083,0.00393428,0.003802055,0.339913942,979.2209442,2.909930542,8.708541274,0.001262867,36.30095923
-3805.775,0.003452753,0.003537427,0.345491558,1004.941854,2.9640939,8.711342665,0.00118559,36.0911271
-3805.7417,0.0036134,0.003425037,0.30235586,1001.922116,2.234004199,8.986443266,0.001423757,35.88129496
-3805.7083,0.003374875,0.003554666,0.354823061,996.616808,2.625112945,9.043269807,0.001342372,35.67146283
-3805.675,0.002948602,0.002818273,0.345122671,1004.546944,2.092547509,8.925362572,0.001379973,35.4616307
-3805.6417,0.003286633,0.00324829,0.337651846,1009.768613,2.103959328,9.166829441,0.001438549,35.25179856
-3805.6083,0.002671544,0.002639516,0.310264242,1005.179612,1.876624069,9.080122734,0.001457011,35.04196643
-3805.575,0.003254927,0.003284404,0.341365558,1001.135737,2.168849532,9.044191336,0.001411269,34.83213429
-3805.5417,0.002516704,0.002666752,0.28805634,993.4614136,1.54110217,8.858224783,0.001464863,34.62230216
-3805.5083,0.002690502,0.002754682,0.257136011,1013.245959,1.302373324,9.166451753,0.001579801,34.41247002
-3805.475,0.003115532,0.003283404,0.351136967,1004.024123,2.080382294,8.981846312,0.001462446,34.20263789
-3805.4417,0.003123113,0.003092624,0.298893921,998.9014209,1.77190578,8.96621277,0.001527905,33.99280576
-3805.4083,0.003280939,0.003373785,0.283858408,1004.082189,1.61797975,9.212548965,0.001531021,33.78297362
-3805.375,0.003172568,0.003149703,0.231947309,1001.512177,1.231305854,9.279321767,0.001514462,33.57314149
-3805.3427,0.002603529,0.002762817,0.296011016,1000.480033,1.46328469,9.050321817,0.001565991,33.36330935
-3805.3105,0.002593305,0.002652242,0.286603021,991.2846138,1.571614523,9.058213806,0.001602962,33.15347722
-3805.2782,0.002897073,0.002817607,0.297796122,994.3855852,1.6422202,9.131705724,0.00154886,32.94364508
-3805.246,0.002896907,0.002970624,0.342188603,997.5798446,1.907015725,9.065097736,0.00143628,32.73381295
-3805.2137,0.002586072,0.002594347,0.288687441,999.1542682,1.563041229,9.063387519,0.001576856,32.52398082
-3805.1815,0.002724661,0.002725995,0.332789564,987.5150355,1.88760901,8.872769369,0.001454279,32.31414868
-3805.1492,0.002407812,0.002322238,0.317981195,1007.886443,1.728458679,9.047028534,0.001511519,32.10431655
-3805.1169,0.003208192,0.003074345,0.367602152,1001.302008,2.338742418,9.082660172,0.001337645,31.89448441
-3805.0847,0.002977785,0.003001604,0.421026049,1004.463252,2.823263545,8.95961754,0.001214316,31.68465228
-3805.0524,0.002511321,0.002633206,0.341653761,1007.13839,2.221193899,8.900291383,0.00136588,31.47482014
-3805.0202,0.002597677,0.002507871,0.346548099,1012.685332,2.462602642,8.819647556,0.001282351,31.26498801
-3804.9879,0.003096066,0.003215558,0.392295638,1007.305614,3.056566538,8.888272476,0.001206897,31.05515588
-3804.9556,0.003389639,0.003269204,0.372104042,1000.681033,2.564084546,8.867788189,0.00132152,30.84532374
-3804.9234,0.003292274,0.003393185,0.366544486,1009.722762,2.612383023,8.9340849,0.001311252,30.63549161
-3804.8911,0.003173802,0.003254674,0.338082372,999.3358764,2.644809101,8.784911412,0.00130682,30.42565947
-3804.8589,0.003490105,0.003333128,0.410406017,1001.572408,3.043995622,8.745333917,0.001259998,30.21582734
-3804.8266,0.003290804,0.003398705,0.354901324,1008.450924,2.355044927,8.990226143,0.001374754,30.0059952
-3804.7944,0.00402907,0.003768184,0.339307459,1005.845413,2.275602483,8.99707157,0.001353393,29.79616307
-3804.7621,0.004491776,0.004236702,0.339336057,994.1449966,2.235673204,9.023518049,0.00146449,29.58633094
-3804.7298,0.004252759,0.004276177,0.311148765,1000.318201,2.148011419,9.162142099,0.001343707,29.3764988
-3804.6976,0.003099967,0.003365991,0.281187763,1013.345443,1.649198151,9.217577058,0.001435509,29.16666667
-3804.6653,0.002985324,0.0029988,0.246127232,998.2331169,1.417184625,9.129525334,0.001491986,28.95683453
-3804.6331,0.003187647,0.003329794,0.306302129,1003.214883,1.840731484,9.130837259,0.001471002,28.7470024
-3804.6008,0.002916697,0.00291454,0.320444485,1027.28667,1.843600495,9.180867876,0.001448103,28.53717026
-3804.5685,0.002719464,0.002713852,0.303033045,1003.657751,1.689698997,9.083977268,0.001473939,28.32733813
-3804.5363,0.002617314,0.002773229,0.300396574,1009.580049,1.732313257,9.274590599,0.001520935,28.117506
-3804.504,0.002811612,0.002989935,0.306468574,1002.657519,1.826995854,9.297248372,0.001445672,27.90767386
-3804.4718,0.002762251,0.002867389,0.329098079,1005.671908,1.856278623,9.210612685,0.001420034,27.69784173
-3804.4395,0.003012544,0.00290775,0.364610603,999.669163,2.036871162,9.261872538,0.001493023,27.48800959
-3804.4073,0.003446948,0.003187833,0.384137115,1007.555496,2.150101784,9.187879468,0.001534625,27.27817746
-3804.375,0.002907998,0.002864205,0.355928446,1003.012657,1.959880217,9.321729293,0.001575018,27.06834532
-3804.3487,0.002309646,0.002322713,0.31296103,994.5027659,1.677173045,9.191575568,0.00161691,26.85851319
-3804.3224,0.00207297,0.002144958,0.28676836,999.5805,1.532854256,9.204130333,0.001573736,26.64868106
-3804.2961,0.00277738,0.002672479,0.301883152,997.9037273,1.930642564,9.104595604,0.001532358,26.43884892
-3804.2697,0.002714845,0.002508486,0.305405151,991.7491128,1.704406503,9.246539623,0.001527558,26.22901679
-3804.2434,0.002763296,0.002579507,0.32719806,1012.788943,1.807361097,9.190954132,0.001464157,26.01918465
-3804.2171,0.002673654,0.002676013,0.322305395,999.4979226,1.909921977,9.09758917,0.001402017,25.80935252
-3804.1908,0.002881318,0.003138832,0.36126736,1000.948401,2.293380385,9.085007891,0.001383754,25.59952038
-3804.1645,0.002882693,0.002953075,0.315685765,1003.185476,2.10994676,9.015118002,0.001331003,25.38968825
-3804.1382,0.00296119,0.002811791,0.337321487,1000.658008,2.130287482,9.016665634,0.001300359,25.17985612
-3804.1118,0.002671352,0.002619863,0.324872045,999.3712427,1.94393948,9.000381969,0.00133553,24.97002398
-3804.0855,0.002972295,0.002760397,0.305479229,993.727783,2.080354173,8.764775843,0.001285245,24.76019185
-3804.0592,0.002978986,0.002879945,0.297884717,1000.497909,2.28273215,8.814105949,0.001323508,24.55035971
-3804.0329,0.002832885,0.002946485,0.323104186,993.9096528,2.520557198,8.87508663,0.001345297,24.34052758
-3804.0066,0.003260284,0.003226684,0.363758839,1005.835832,3.09100028,8.910593339,0.001219023,24.13069544
-3803.9803,0.002697481,0.002778698,0.353603354,972.161804,2.667302498,8.655976175,0.001243463,23.92086331
-3803.9539,0.003090293,0.002831819,0.33682809,995.5285331,2.489168142,8.780860269,0.001259617,23.71103118
-3803.9276,0.002950406,0.002912076,0.357409416,989.960734,2.705503557,8.786166496,0.001299488,23.50119904
-3803.9013,0.002780352,0.002780082,0.295806743,1013.988699,2.069252936,9.0639659,0.001470141,23.29136691
-3803.875,0.002728728,0.002684044,0.319611202,1005.600584,2.372745773,8.991576093,0.001326974,23.08153477
-3803.8487,0.002547402,0.002697635,0.283946571,1005.674291,1.90011416,8.98317417,0.001424923,22.87170264
-3803.8224,0.003167261,0.003021245,0.315737023,1003.614564,2.424679059,8.791108136,0.00131221,22.6618705
-3803.7961,0.00298244,0.002959585,0.302692322,1013.84997,1.996892327,8.997608774,0.001341212,22.45203837
-3803.7697,0.00264998,0.002770901,0.245348155,998.5307492,1.663066137,9.160097606,0.001312454,22.24220624
-3803.7434,0.002739513,0.002945095,0.293939353,1009.578461,1.988040274,9.029817482,0.001290524,22.0323741
-3803.7171,0.003284886,0.003263947,0.344528449,998.8792462,2.244107132,9.023985959,0.001310563,21.82254197
-3803.6908,0.003008685,0.003194591,0.356056033,1008.085578,2.366416221,9.025439427,0.001281837,21.61270983
-3803.6645,0.003117022,0.002986948,0.362039812,1009.298174,2.421317039,9.045082661,0.001358512,21.4028777
-3803.6382,0.002766125,0.002760895,0.350765021,1003.77302,2.14483702,9.015774951,0.001428527,21.19304556
-3803.6118,0.002861595,0.002748814,0.385056134,1009.665168,2.186443025,9.169706686,0.001415114,20.98321343
-3803.5855,0.003602507,0.003597635,0.499555445,992.1455272,3.214171424,9.049126964,0.001201116,20.77338129
-3803.5592,0.003695815,0.003607724,0.466894426,1003.332729,2.915370019,9.107512773,0.001307578,20.56354916
-3803.5329,0.00300857,0.00327454,0.436755232,993.0943351,2.610967135,9.064982289,0.001393881,20.35371703
-3803.5066,0.0029388,0.00291109,0.390273235,1001.289867,2.107457855,9.180691736,0.001582007,20.14388489
-3803.4803,0.002430558,0.00246367,0.38630559,1005.146955,1.984217122,9.126800308,0.001513853,19.93405276
-3803.4539,0.002226326,0.002508192,0.331351663,1008.280741,1.793518933,9.164922707,0.001624164,19.72422062
-3803.4276,0.002375557,0.002411003,0.306930167,1003.055873,1.703631176,9.05183721,0.001578314,19.51438849
-3803.4013,0.002327156,0.002352109,0.267125292,989.452239,1.539939634,9.045723196,0.001535265,19.30455635
-3803.375,0.002370021,0.002469252,0.242024193,1007.668842,1.358926491,9.211067481,0.001662121,19.09472422
-3803.3365,0.002437664,0.002249102,0.227034197,1013.163152,1.339232577,9.086738888,0.001607605,18.88489209
-3803.2981,0.002376634,0.002511618,0.284645329,1002.367798,1.695580032,9.090813003,0.001570488,18.67505995
-3803.2596,0.002792749,0.002619562,0.309297443,1000.816658,1.842325962,9.066123053,0.001567556,18.46522782
-3803.2212,0.002602847,0.002511568,0.267586366,1003.217577,1.655283842,8.964864178,0.001639652,18.25539568
-3803.1827,0.00238735,0.002430502,0.338666154,999.4928691,2.031240716,9.02515229,0.001465953,18.04556355
-3803.1442,0.003186371,0.002952866,0.308973225,1007.470827,2.002122805,8.9726605,0.001465685,17.83573141
-3803.1058,0.004132251,0.003985641,0.416037901,994.5449902,3.090005633,8.992645575,0.001260838,17.62589928
-3803.0673,0.003994195,0.00397242,0.436645428,986.1676642,3.365357924,8.875024564,0.00118421,17.41606715
-3803.0288,0.003253392,0.003541022,0.399668972,998.316666,2.947715411,8.906182314,0.001226587,17.20623501
-3802.9904,0.003516066,0.003183096,0.370817152,1002.270547,2.669320443,8.809998373,0.001268139,16.99640288
-3802.9519,0.0032123,0.003268722,0.365156096,997.3872344,2.681960899,8.848356445,0.001294401,16.78657074
-3802.9135,0.002872,0.002927814,0.319223015,1004.926129,2.074081544,9.008081588,0.001405626,16.57673861
-3802.875,0.003009662,0.003088607,0.294722706,1005.918273,1.859895277,9.181021813,0.001504041,16.36690647
-3802.8365,0.002585655,0.002524343,0.303680335,995.5549058,1.747080251,9.158608,0.001486327,16.15707434
-3802.7981,0.002778172,0.00283556,0.271085964,998.2584292,1.712576111,9.084443938,0.001484636,15.94724221
-3802.7596,0.003170241,0.00320565,0.255124629,1003.033599,1.716558085,9.060548733,0.001397171,15.73741007
-3802.7212,0.002658704,0.002575415,0.232631766,989.91466,1.555828752,8.894783361,0.001376725,15.52757794
-3802.6827,0.002318485,0.002327528,0.22430584,1004.377608,1.467519872,9.115713759,0.001453867,15.3177458
-3802.6442,0.002642399,0.002709027,0.238473883,990.8404141,1.523247998,9.05536915,0.001489537,15.10791367
-3802.6058,0.002507115,0.00273015,0.245800393,1004.489908,1.490523817,9.009782877,0.001424894,14.89808153
-3802.5673,0.002282192,0.002383567,0.247699343,991.8532552,1.418580695,9.029843963,0.001496523,14.6882494
-3802.5288,0.002271363,0.002443561,0.269667256,1016.624196,1.506310134,9.245964961,0.001571335,14.47841727
-3802.4904,0.002286379,0.002384908,0.270214564,1012.784594,1.547834284,9.021720113,0.001460228,14.26858513
-3802.4519,0.002704249,0.002626499,0.277357012,1004.910894,1.523142324,9.109712184,0.001510845,14.058753
-3802.4135,0.002787416,0.002748976,0.319108689,1001.749085,1.807842298,9.103512867,0.001483053,13.84892086
-3802.375,0.002791156,0.002875017,0.339168516,1004.539337,1.998194071,9.169991623,0.001490737,13.63908873
-3802.3365,0.002634056,0.002558764,0.304659179,1009.405318,1.715906688,9.077330474,0.001545954,13.42925659
-3802.2981,0.002329072,0.002259588,0.288226303,998.7808113,1.533942511,9.067857307,0.001564194,13.21942446
-3802.2596,0.002455733,0.002354292,0.277875701,996.5890913,1.469656416,9.042049471,0.001572423,13.00959233
-3802.2212,0.002313024,0.002108188,0.258340435,1000.162774,1.366791573,9.029514338,0.00159385,12.79976019
-3802.1827,0.002455587,0.00237935,0.316703368,1005.283179,1.76984844,9.081785561,0.001560546,12.58992806
-3802.1442,0.00286686,0.002676779,0.327705095,997.1205197,1.955698765,9.093178882,0.001494143,12.38009592
-3802.1058,0.002840273,0.002633054,0.366459176,986.631645,2.122564468,9.14493715,0.001498245,12.17026379
-3802.0673,0.002982938,0.002898324,0.357788143,1016.686007,2.194255023,9.438252769,0.001592952,11.96043165
-3802.0288,0.002208849,0.002160423,0.379605689,1002.160761,2.044559579,9.055267225,0.001479013,11.75059952
-3801.9904,0.002552136,0.002380137,0.348364182,984.748492,2.141401883,9.095621412,0.001421209,11.54076739
-3801.9519,0.003024057,0.002922591,0.385918445,1013.161561,2.557454327,9.0971113,0.001340253,11.33093525
-3801.9135,0.002983771,0.003092628,0.401842343,1004.647352,2.7387163,9.095675327,0.001341457,11.12110312
-3801.875,0.002908428,0.002685275,0.378335831,1000.542168,2.44813876,9.07688656,0.001426087,10.91127098
-3801.8365,0.003070769,0.003122694,0.400488852,1011.59358,2.936921245,9.0624847,0.001384362,10.70143885
-3801.7981,0.002440991,0.002579087,0.410072505,1018.302916,2.882572874,9.091943429,0.001331708,10.49160671
-3801.7596,0.002986534,0.003047725,0.403438008,996.587994,3.229752638,8.910085628,0.001189008,10.28177458
-3801.7212,0.002648463,0.002601119,0.358878352,1007.494161,2.672125245,8.880978718,0.001261068,10.07194245
-3801.6827,0.002502695,0.002626426,0.362714649,992.6367537,2.597462769,8.792015017,0.001284268,9.862110312
-3801.6442,0.002522735,0.002710056,0.361072778,1010.775975,2.563105027,8.934993633,0.001352734,9.652278177
-3801.6058,0.003026885,0.002963906,0.412663821,999.4309467,3.211485278,8.922121925,0.001232612,9.442446043
-3801.5673,0.003095567,0.003016584,0.403917533,1007.135573,3.185025448,8.987134072,0.00127915,9.232613909
-3801.5288,0.002889633,0.002720823,0.379318478,1002.334015,2.820874361,9.016697689,0.001287804,9.022781775
-3801.4904,0.002886697,0.002893151,0.328533154,1010.165292,2.189934445,9.29080274,0.001439152,8.81294964
-3801.4519,0.003057533,0.003018445,0.334638656,1008.579811,2.336562753,9.239220051,0.00135812,8.603117506
-3801.4135,0.00270405,0.002700933,0.322682029,996.958776,2.009837195,9.156744657,0.001462904,8.393285372
-3801.375,0.002765975,0.002746056,0.279014828,1002.046168,1.896119142,9.324890697,0.001561489,8.183453237
-3801.325,0.006766172,0.010637571,0.303736081,1222.309493,1.443356174,14.03557231,0.001587721,7.973621103
-3801.275,0.002251704,0.002204452,0.24823457,998.924681,1.343616521,9.231867045,0.001532805,7.763788969
-3801.225,0.002155746,0.002218745,0.256392893,984.9818792,1.469288254,8.987350148,0.00146223,7.553956835
-3801.175,0.002676056,0.002625176,0.298616395,1008.574264,1.761640529,9.202358353,0.001513937,7.3441247
-3801.125,0.002553475,0.002446711,0.265146508,998.7753614,1.437611185,9.28190052,0.001489372,7.134292566
-3801.075,0.002559579,0.002590099,0.267637342,1013.497226,1.522621796,9.381029089,0.001520443,6.924460432
-3801.025,0.002467112,0.00263486,0.329174937,1007.731492,1.933248783,9.232934762,0.001480602,6.714628297
-3800.975,0.002471301,0.002467789,0.346616697,996.2733158,1.970145771,9.02312058,0.001418111,6.504796163
-3800.925,0.002409035,0.002400643,0.327388734,984.2166843,1.77753602,9.10701151,0.001513642,6.294964029
-3800.875,0.002199253,0.002319135,0.264430805,1004.889076,1.370883335,9.062522304,0.00154381,6.085131894
-3800.825,0.002213419,0.002387153,0.292315163,990.1688836,1.466248902,9.101830877,0.001505692,5.87529976
-3800.775,0.002449375,0.002446646,0.281469674,1003.411715,1.460738345,9.212495672,0.00156037,5.665467626
-3800.725,0.00246318,0.002577379,0.275979505,1007.005439,1.389314322,9.326056628,0.00164393,5.455635492
-3800.675,0.002607458,0.00269956,0.325780565,995.6439534,1.653213103,9.199481661,0.001537073,5.245803357
-3800.625,0.002566402,0.002566496,0.327428025,1004.058342,1.648466902,9.372052483,0.001624226,5.035971223
-3800.575,0.002581555,0.002444816,0.346556431,1000.971411,1.667084504,9.321428732,0.001613628,4.826139089
-3800.525,0.002219247,0.002271109,0.376681669,1006.381874,1.844807197,9.280842077,0.001638259,4.616306954
-3800.475,0.002551274,0.002352947,0.389645222,997.5688055,1.989152651,9.380053661,0.001608158,4.40647482
-3800.425,0.001972032,0.001867097,0.362766662,997.8893321,1.723459965,9.357674442,0.001664812,4.196642686
-3800.375,0.002488535,0.002554486,0.316068966,1004.227913,1.647025879,9.475484505,0.001768546,3.986810552
-3800.3125,0.002619001,0.002663363,0.305077394,993.3555539,1.566712591,9.449530985,0.001705284,3.776978417
-3800.25,0.002744994,0.002800817,0.335866065,1004.114793,1.82766951,9.357991217,0.001652651,3.567146283
-3800.1875,0.00261993,0.002434417,0.350360119,998.6597963,1.889376817,9.298478686,0.00150903,3.357314149
-3800.125,0.002482859,0.002314377,0.356612364,1007.745092,2.098752416,9.297849029,0.001424999,3.147482014
-3800.0625,0.002306047,0.002188775,0.327618177,1001.91819,1.825283724,9.175512397,0.001468232,2.93764988
-3800,0.002272677,0.002315636,0.361972119,995.6963815,2.072113935,9.12356208,0.001406833,2.727817746
-3799.9375,0.002298919,0.00237896,0.353053236,991.0242953,2.192119612,8.918778151,0.001386107,2.517985612
-3799.875,0.002964974,0.002816552,0.38788342,985.8005468,2.630222954,8.927134821,0.001340611,2.308153477
-3799.8125,0.003362771,0.003410745,0.404909598,996.7782982,3.431256444,8.881648848,0.001250084,2.098321343
-3799.75,0.003042348,0.003001753,0.369144601,998.7637812,2.84384582,9.053959814,0.001354457,1.888489209
-3799.6875,0.002847925,0.002611444,0.30267404,992.6987369,2.04212886,9.085810911,0.001515091,1.678657074
-3799.625,0.002598654,0.002616443,0.307532381,991.7884829,1.944636681,9.223035717,0.001453259,1.46882494
-3799.5625,0.002956792,0.002809676,0.259943704,1001.746291,1.660395437,9.245954629,0.001385741,1.258992806
-3799.5,0.002782179,0.003032653,0.26700882,998.9691062,1.709357081,9.230740715,0.001446516,1.049160671
-3799.4375,0.003324509,0.003106525,0.250519103,1004.300294,1.550188061,9.477360185,0.001491793,0.839328537
-3799.375,0.003232266,0.003241282,0.241528318,1003.457603,1.583941858,9.515955885,0.001558258,0.629496403