Age,Ba138Ca,BaCa,SrCa,UCa
1996.167,0.00436703,0.00416872,9.18504,0.00123294
1996.183,0.00379514,0.00403425,9.25201,0.0014448
1996.2,0.00407194,0.00403565,9.69868,0.00153075
1996.217,0.00378305,0.00414787,9.47561,0.00140807
1996.233,0.00383385,0.00413692,9.1975,0.00137476
1996.25,0.00396471,0.00392134,9.13495,0.00136357
1996.267,0.00393058,0.00395747,9.15948,0.00136378
1996.283,0.00393059,0.00399936,9.25185,0.00142635
1996.3,0.00379172,0.00411724,9.21903,0.0014747
1996.317,0.00402147,0.00386758,8.8774,0.00148391
1996.333,0.0041314,0.00406044,9.19052,0.00135105
1996.35,0.00422364,0.00425496,8.97496,0.00124949
1996.367,0.0039586,0.00384194,9.57743,0.0017522
1996.383,0.00421789,0.00371942,9.18087,0.00153666
1996.4,0.00352652,0.00353635,9.30557,0.00152871
1996.417,0.0037357,0.00364858,9.65717,0.00163584
1996.433,0.00350247,0.00333689,9.32409,0.00153483
1996.45,0.00343148,0.00342254,9.50933,0.00161821
1996.467,0.00323559,0.00323809,9.21786,0.00163978
1996.483,0.00308199,0.00340216,9.22843,0.00147403
1996.5,0.00358472,0.00333485,9.17989,0.0014543
1996.517,0.00337262,0.00344586,9.46581,0.00167314
1996.533,0.00365573,0.00368962,9.55863,0.00166287
1996.55,0.00394386,0.00376866,9.28808,0.00152663
1996.567,0.00374299,0.00390204,9.35174,0.00148344
1996.583,0.00400504,0.00399428,9.5923,0.00160976
1996.6,0.00405297,0.00390089,9.29955,0.00151576
1996.617,0.00425324,0.00382545,9.53688,0.00163588
1996.633,0.00408198,0.0038947,9.41074,0.00155599
1996.65,0.00380922,0.00393335,9.54269,0.00155289
1996.667,0.00392075,0.00385737,9.70463,0.00158728
1996.679,0.00371741,0.00400332,9.42538,0.00151556
1996.69,0.00410521,0.00389723,9.44858,0.00167489
1996.702,0.00450771,0.00398541,9.27443,0.00139039
1996.714,0.00443172,0.00432186,9.23863,0.00141744
1996.726,0.00378197,0.00381999,9.15173,0.00133136
1996.738,0.004051,0.00382606,9.57331,0.00147533
1996.75,0.00398461,0.00381774,9.58554,0.00152667
1996.762,0.00356385,0.00378341,9.3848,0.00149363
1996.774,0.00399821,0.00375793,9.62379,0.0015088
1996.786,0.00376066,0.00389756,9.08056,0.00132781
1996.798,0.00396063,0.00385433,9.57163,0.00153474
1996.81,0.0036786,0.00381486,9.48582,0.00145469
1996.821,0.00392122,0.00414991,9.26646,0.00143027
1996.833,0.00424119,0.00424673,9.0625,0.00142346
1996.845,0.00389525,0.00394146,9.21955,0.00148408
1996.857,0.00390317,0.00390005,9.05867,0.00122825
1996.869,0.00429813,0.0039046,9.02185,0.00133975
1996.881,0.00335755,0.0037326,8.96322,0.00132853
1996.893,0.00412118,0.00386878,9.40664,0.00148546
1996.905,0.00340204,0.00381091,9.15712,0.00138868
1996.917,0.00396795,0.00403672,9.5646,0.00138767
1996.929,0.00327377,0.00375821,8.92791,0.00132247
1996.94,0.00350175,0.00412679,9.04451,0.00135086
1996.952,0.0041288,0.00400222,9.07969,0.00123717
1996.964,0.00415832,0.0040663,9.22774,0.0013805
1996.976,0.00410311,0.00401051,9.23972,0.00128296
1996.988,0.0037699,0.0039873,9.35598,0.00130784
1997,0.00394184,0.00383838,9.09488,0.00126351
1997.012,0.00396771,0.00378244,8.94586,0.00129954
1997.024,0.00393824,0.00387036,8.75997,0.001332
1997.036,0.00352248,0.00369679,8.9252,0.00140501
1997.048,0.0034989,0.00393,9.10813,0.00123587
1997.06,0.00419372,0.00413918,9.01015,0.00126759
1997.071,0.00366095,0.00395439,9.05327,0.00126857
1997.083,0.00380458,0.00362231,8.6899,0.00120455
1997.094,0.0041317,0.00392903,9.31559,0.00130722
1997.104,0.0043942,0.00418795,9.21977,0.00143665
1997.114,0.00399663,0.00389717,9.05489,0.00142146
1997.125,0.00403916,0.00398465,8.88784,0.00126593
1997.135,0.00414349,0.00398449,9.28647,0.00130325
1997.145,0.00384011,0.00378939,8.96163,0.00109497
1997.156,0.00368537,0.00348201,8.84225,0.00124565
1997.166,0.00339522,0.00358934,8.88711,0.00121768
1997.176,0.00347984,0.00350214,9.10769,0.00129473
1997.187,0.00333224,0.0034679,8.94713,0.00113429
1997.197,0.00399191,0.00378513,8.91268,0.00123929
1997.207,0.00374715,0.0036404,8.97156,0.00122579
1997.218,0.00354157,0.00380803,8.96142,0.00126125
1997.228,0.00333253,0.00390536,9.25999,0.001289
1997.238,0.00349512,0.00363512,9.01379,0.00120993
1997.249,0.00368238,0.00386865,8.70265,0.00108279
1997.259,0.00420357,0.00393904,9.1696,0.00125244
1997.269,0.00419008,0.00417884,9.07921,0.00123527
1997.28,0.0047723,0.00493413,9.13653,0.00129224
1997.29,0.00610806,0.00607851,9.32566,0.00139329
1997.3,0.00606937,0.00623464,9.34665,0.0014376
1997.311,0.00664971,0.00631879,9.24883,0.001455
1997.321,0.00745461,0.00699286,9.21232,0.00119469
1997.331,0.00583643,0.00595681,9.31885,0.00148502
1997.342,0.00546364,0.00557302,9.08784,0.00149652
1997.352,0.00629462,0.006216,9.06513,0.00138695
1997.362,0.00682363,0.00723964,9.01114,0.00123072
1997.373,0.00602059,0.00631727,9.38184,0.00154437
1997.383,0.00681608,0.00627102,9.11435,0.00141816
1997.393,0.00602954,0.0061588,9.14103,0.00130267
1997.404,0.00525027,0.00525922,9.39609,0.00148172
1997.414,0.00429833,0.00435129,9.51374,0.00161683
1997.424,0.00480795,0.00432143,9.21887,0.00141009
1997.435,0.00476195,0.00449528,9.36162,0.00141983
1997.445,0.00452332,0.00450087,9.08291,0.00127252
1997.455,0.00362485,0.00364149,9.34383,0.00148089
1997.466,0.00400853,0.00377803,9.5724,0.00160722
1997.476,0.00393129,0.00374086,9.25852,0.00150217
1997.486,0.00413267,0.00408463,9.41952,0.00162642
1997.497,0.00345117,0.0039595,9.32832,0.00148367
1997.507,0.00383197,0.00399687,9.21425,0.0014956
1997.517,0.00427698,0.00414005,9.3438,0.00139805
1997.528,0.00384182,0.00434545,9.56534,0.00164085
1997.538,0.004401,0.00408859,9.11239,0.00142822
1997.548,0.00386905,0.0039839,9.47378,0.00159852
1997.559,0.00417069,0.00435357,9.4306,0.00158924
1997.569,0.00396921,0.00401865,9.32075,0.00146125
1997.579,0.0043204,0.00405692,9.73716,0.00172905
1997.59,0.00393175,0.0038161,9.4977,0.00153968
1997.6,0.00446654,0.00405123,9.75202,0.00159734
1997.619,0.00494895,0.00486209,9.3183,0.00139525
1997.638,0.00404221,0.00411489,9.30975,0.001471
1997.657,0.00433287,0.00377999,9.74459,0.00163388
1997.676,0.00381005,0.00411827,9.71715,0.00165429
1997.695,0.00425122,0.00397638,9.71383,0.00178437
1997.714,0.00410681,0.00404978,9.48813,0.0016221
1997.733,0.00399888,0.00415507,9.51273,0.00170413
1997.752,0.00391823,0.00412552,9.70415,0.00165333
1997.771,0.00384032,0.00432299,9.49931,0.00144947
1997.79,0.00435741,0.00426639,9.51642,0.00161739
1997.809,0.00436147,0.00442001,9.43739,0.00168646
1997.828,0.00417986,0.00422251,9.41919,0.00175836
1997.847,0.00388299,0.00410271,9.42858,0.00161603
1997.865,0.00455133,0.00406636,9.27729,0.00164504
1997.884,0.00414789,0.00393904,9.60887,0.00170887
1997.903,0.00418096,0.00423107,9.4256,0.00145181
1997.917,0.00536865,0.00552945,9.69486,0.00162205
1997.93,0.00415844,0.00431968,9.3962,0.00170279
1997.943,0.00484167,0.00477344,9.00093,0.00132574
1997.956,0.00409332,0.00432277,9.5167,0.00148758
1997.97,0.0041844,0.00403713,9.44928,0.00162057
1997.983,0.004332,0.00438302,9.59268,0.00140356
1997.996,0.00443069,0.00387609,9.17412,0.00143748
1998.009,0.00395315,0.00401787,9.48013,0.00162365
1998.023,0.00367742,0.00370734,9.14613,0.00147628
1998.036,0.00348808,0.00360439,8.81917,0.00132376
1998.049,0.00406941,0.00398465,9.11381,0.00132693
1998.062,0.00402062,0.00369882,8.82128,0.00127633
1998.076,0.00417635,0.00405499,9.55319,0.00149239
1998.089,0.00438411,0.00430573,9.14098,0.00137493
1998.102,0.00437834,0.00430234,9.12446,0.0014668
1998.116,0.00411089,0.00415952,9.02685,0.00121837
1998.129,0.00469046,0.00429385,9.08913,0.00154182
1998.142,0.00402585,0.00400988,9.24108,0.00150385
1998.155,0.00380733,0.00409973,9.37378,0.00148785
1998.169,0.0041689,0.00402436,9.3343,0.001448
1998.182,0.0039244,0.00390681,9.32666,0.00153961
1998.195,0.00379305,0.00393862,8.98382,0.00129022
1998.208,0.00433464,0.00408375,9.00717,0.00137
1998.222,0.00396273,0.00384909,8.92495,0.0014397
1998.235,0.00389174,0.00391113,9.32118,0.00136783
1998.248,0.00369492,0.00397245,9.27182,0.00148435
1998.261,0.00433762,0.00434656,9.25169,0.00140039
1998.275,0.00354649,0.00395224,8.96982,0.00116727
1998.288,0.00397038,0.00393809,8.97819,0.00127899
1998.301,0.00449796,0.0044914,9.02332,0.0012144
1998.314,0.00523125,0.00537268,9.23699,0.00134481
1998.328,0.00647823,0.00615291,9.16942,0.00135725
1998.341,0.00726952,0.00727738,9.25851,0.00131354
1998.354,0.00699139,0.00729868,9.02252,0.00135135
1998.367,0.00813408,0.00786385,9.31106,0.00156239
1998.381,0.00687032,0.00697844,9.10005,0.00134338
1998.394,0.00788012,0.00781574,9.36058,0.00151603
1998.407,0.00756385,0.00734711,9.50758,0.00159564
1998.42,0.00691721,0.00680829,9.49669,0.00166641
1998.434,0.00559751,0.0062112,9.74084,0.00178385
1998.447,0.00541382,0.00573305,9.5786,0.00165489
1998.46,0.0048125,0.0048598,9.2119,0.00157075
1998.473,0.00569032,0.00551001,9.20787,0.00146345
1998.487,0.00513334,0.00489706,9.52128,0.00141382
1998.5,0.004066,0.00411568,9.27816,0.00140218
1998.513,0.00429412,0.00406165,9.25318,0.00164773
1998.527,0.00427075,0.00408243,9.53052,0.00198044
1998.54,0.00444788,0.00456263,9.4364,0.00169526
1998.553,0.00441219,0.0046371,9.39731,0.00171937
1998.566,0.00441133,0.00469435,9.53638,0.00183217
1998.58,0.00451637,0.00449815,9.29894,0.00155154
1998.593,0.0052351,0.00570611,9.17816,0.00144885
1998.606,0.00491329,0.00472093,9.43939,0.00175738
1998.619,0.0044948,0.00465094,9.57909,0.0018853
1998.633,0.00493205,0.00499333,9.4758,0.00157115
1998.646,0.00512395,0.00507596,9.63908,0.00152377
1998.659,0.00494274,0.00480215,9.29817,0.00127619
1998.672,0.00592845,0.00578209,9.36139,0.00168749
1998.686,0.0050064,0.00492075,9.85903,0.00164573
1998.699,0.0042434,0.00457832,9.76338,0.00177174
1998.712,0.00477142,0.00487434,9.69123,0.00168516
1998.725,0.00457654,0.00463728,9.59388,0.00154925
1998.739,0.00466397,0.00485349,9.70911,0.00162285
1998.752,0.00496427,0.00459147,9.33068,0.00138459
1998.765,0.00419907,0.00429966,9.36042,0.00158566
1998.778,0.00464553,0.00491924,9.30603,0.001664
1998.792,0.00435221,0.00424902,9.05026,0.00143497
1998.805,0.00456804,0.00456914,9.04253,0.00140599
1998.818,0.00438041,0.00483381,9.52701,0.00140635
1998.831,0.00509281,0.00485241,9.36066,0.00142847
1998.845,0.00546181,0.00547277,9.465,0.0014509
1998.858,0.00522695,0.00500498,9.23419,0.00136609
1998.871,0.00521437,0.00523186,9.26877,0.00149483
1998.884,0.00535584,0.00553,9.36304,0.00169707
1998.898,0.0055049,0.00511746,9.2872,0.00157359
1998.911,0.00571347,0.00533145,9.33858,0.00146828
1998.924,0.00556449,0.00549938,9.2514,0.00138115
1998.937,0.005155,0.00503415,9.38713,0.00150237
1998.951,0.00567643,0.00543925,9.05434,0.00142049
1998.964,0.00490488,0.00456151,9.18816,0.00141686
1998.977,0.00577306,0.00587804,9.26883,0.00152943
1998.991,0.00636308,0.00643223,9.35025,0.00152981
1999.004,0.00482526,0.00496344,8.85752,0.00139778
1999.017,0.00571433,0.00726428,9.29185,0.00138827
1999.03,0.00555017,0.00623701,9.20655,0.00146596
1999.044,0.00456919,0.0057617,9.44617,0.00169408
1999.057,0.00543248,0.00561449,9.08501,0.00149652
1999.07,0.00433589,0.00478551,9.39717,0.00144409
1999.083,0.0054326,0.00545786,8.79488,0.00121143
1999.097,0.00496984,0.00464483,9.03179,0.00124918
1999.11,0.00483347,0.00459797,9.04838,0.00132032
1999.123,0.00442283,0.00449496,9.1568,0.00132933
1999.136,0.00506322,0.00496508,9.26414,0.0014575
1999.15,0.00524771,0.00495708,9.09233,0.00145647
1999.163,0.00529493,0.00497047,9.19293,0.00141706
1999.176,0.00528823,0.00476054,9.0781,0.00150759
1999.189,0.00430251,0.00452728,9.21662,0.00136135
1999.203,0.00475865,0.0046543,9.15063,0.0013336
1999.216,0.0043291,0.00430839,8.92495,0.00133594
1999.229,0.00522588,0.0050988,9.18032,0.00141523
1999.242,0.00545796,0.0055237,9.48682,0.00152861
1999.256,0.00533714,0.00501918,9.17498,0.00142694
1999.269,0.0048287,0.00452604,9.03384,0.00146103
1999.282,0.00512647,0.00496125,8.92723,0.00135903
1999.295,0.00492203,0.00514724,8.82835,0.00138459
1999.304,0.00521941,0.00481706,9.41263,0.00175031
1999.312,0.005251,0.005063,9.44142,0.00159281
1999.321,0.00580648,0.00568786,9.09162,0.00134215
1999.329,0.00475495,0.00467158,9.39763,0.00150352
1999.338,0.00500541,0.00474739,9.21109,0.00153668
1999.346,0.00483104,0.00522174,9.1587,0.00166816
1999.355,0.0062054,0.00621982,9.39479,0.0016035
1999.363,0.00529155,0.00542982,8.9991,0.00148804
1999.371,0.00505989,0.00513488,9.1771,0.00150848
1999.38,0.00606351,0.0057101,9.45686,0.00157704
1999.388,0.00596129,0.00562641,9.30239,0.00164702
1999.397,0.00662654,0.00591449,9.44903,0.00163915
1999.405,0.0061707,0.00583682,9.58827,0.00156059
1999.414,0.00569624,0.00535195,9.38531,0.00149482
1999.422,0.00466924,0.00469615,9.49186,0.00158019
1999.43,0.00551442,0.00529013,9.36616,0.00146824
1999.439,0.00505196,0.00514109,9.2196,0.00151159
1999.447,0.00542102,0.00533485,9.34732,0.00147484
1999.456,0.00567265,0.00529918,9.3507,0.00153462
1999.464,0.00550877,0.00534749,9.35035,0.00145724
1999.473,0.00440745,0.00476305,9.0823,0.00146375
1999.481,0.00441779,0.00479004,9.64097,0.00158515
1999.489,0.00530371,0.0049778,9.46629,0.00157473
1999.498,0.00489985,0.00499381,9.46497,0.00155294
1999.506,0.00476462,0.00459855,9.52579,0.00154181
1999.515,0.00550063,0.00526339,9.7322,0.00170028
1999.523,0.00449072,0.00470346,9.51258,0.00153483
1999.532,0.0048701,0.00431787,9.56672,0.00173989
1999.54,0.00505637,0.00478064,9.66243,0.00155063
1999.549,0.00470452,0.0045911,9.21717,0.00155444
1999.557,0.00546264,0.00547773,9.42432,0.0013733
1999.565,0.00502563,0.0051594,9.24448,0.00138864
1999.574,0.00488352,0.00479908,9.35285,0.00160164
1999.582,0.00488372,0.00490203,9.52558,0.0015978
1999.591,0.00494246,0.00477452,9.35459,0.00167796
1999.599,0.00466259,0.00461454,9.38142,0.00164726
1999.608,0.00462347,0.00483888,9.10529,0.00144591
1999.616,0.0045169,0.00470093,9.63816,0.00160761
1999.624,0.00436656,0.00426747,9.44676,0.00162715
1999.633,0.00387125,0.00421508,9.75283,0.00185569
1999.641,0.00440589,0.00451519,9.58445,0.00173759
1999.65,0.00427343,0.00463353,9.6136,0.00178972
1999.658,0.00449808,0.00431945,9.71773,0.00168655
1999.667,0.00395016,0.00409912,10.02823,0.00191231
1999.68,0.00392396,0.00438543,9.42227,0.00165442
1999.693,0.00405535,0.00414306,9.37275,0.00145195
1999.706,0.00465193,0.00481012,9.5064,0.00140605
1999.719,0.00412138,0.00420637,9.46874,0.00144534
1999.731,0.0045579,0.00406341,9.39413,0.00156424
1999.744,0.00385542,0.00367964,9.70042,0.00161693
1999.757,0.00401216,0.00391959,9.79135,0.00182155
1999.77,0.00418984,0.00385478,9.64483,0.00162029
1999.783,0.00439687,0.00476371,9.19539,0.00141058
1999.796,0.00421918,0.00462144,9.57286,0.001548
1999.809,0.00414433,0.00411173,9.71401,0.00164744
1999.822,0.00391377,0.00378459,9.61974,0.00172372
1999.835,0.00430278,0.00432349,9.45571,0.00159372
1999.848,0.00393765,0.00411892,9.49316,0.00167271
1999.861,0.00541777,0.00489179,9.50088,0.00170421
1999.874,0.0046805,0.00480239,9.35612,0.00157842
1999.887,0.00452692,0.0044567,9.39429,0.00153992
1999.9,0.00401397,0.00439629,9.33002,0.00148874
1999.913,0.00483703,0.00438381,9.4604,0.00154236
1999.926,0.00477366,0.00438328,9.3309,0.0014951
1999.939,0.00450638,0.00464968,9.30785,0.00143598
1999.952,0.00455824,0.00487223,9.28806,0.00140782
1999.965,0.00462451,0.00454353,9.51088,0.00160391
1999.978,0.00449104,0.00433478,9.48651,0.00153195
1999.991,0.00457975,0.00443164,9.27041,0.00146097
2000.004,0.0046406,0.00437581,8.80471,0.00133098
2000.017,0.00408568,0.0041445,9.08918,0.00133374
2000.03,0.00423606,0.00441148,9.42427,0.00137943
2000.043,0.00418834,0.00400712,9.42642,0.00150674
2000.056,0.00401299,0.00429551,9.41644,0.00146503
2000.069,0.00432646,0.00458767,9.19599,0.00135727
2000.081,0.00420576,0.0040002,9.02637,0.00134228
2000.094,0.00416006,0.00417477,9.2469,0.00145693
2000.107,0.00415405,0.00408526,9.50104,0.00137711
2000.12,0.00379009,0.00386197,9.08296,0.0014225
2000.133,0.00365903,0.00374096,9.13922,0.00153493
2000.146,0.00386751,0.0037094,9.36914,0.00157836
2000.159,0.0041584,0.00391566,9.48238,0.00150844
2000.172,0.00374269,0.00383561,9.19409,0.0014329
2000.185,0.00360188,0.00366846,9.04638,0.00144335
2000.198,0.00347838,0.00362444,9.40654,0.00159904
2000.211,0.00377986,0.00369943,9.28025,0.00148087
2000.224,0.00358109,0.00380014,9.05806,0.00137357
2000.237,0.00340779,0.00342849,9.15838,0.00159221
2000.25,0.00395905,0.0038918,8.83402,0.00131855
2000.267,0.00384233,0.00423311,9.32254,0.00164242
2000.285,0.00408291,0.00413656,9.10026,0.00147147
2000.302,0.00417932,0.00443197,9.16692,0.00146762
2000.319,0.00471136,0.00453883,8.9711,0.00146931
2000.337,0.00471384,0.00490462,8.9445,0.00134984
2000.354,0.00593966,0.00590089,9.24899,0.00129599
2000.372,0.00553203,0.00609676,9.07325,0.0013474
2000.389,0.00627238,0.00568019,9.17298,0.0014624
2000.406,0.0067015,0.00629457,9.33826,0.0014813
2000.424,0.00559802,0.00568487,9.00754,0.0014228
2000.441,0.00580581,0.00531344,9.03667,0.00151367
2000.458,0.00523303,0.00511806,9.52315,0.00163164
2000.476,0.00545351,0.00532785,9.42953,0.00148353
2000.493,0.00512059,0.00489787,9.52889,0.00154927
2000.51,0.0050851,0.00469076,9.7322,0.00163602
2000.528,0.00483242,0.00476846,9.74156,0.00165453
2000.545,0.00495266,0.00496596,9.41609,0.0014085
2000.562,0.00470853,0.00475312,9.10339,0.00133899
2000.58,0.00446534,0.00473151,9.5646,0.00145613
2000.597,0.00441079,0.0046307,9.42629,0.00151888
2000.615,0.00478132,0.00461009,9.63956,0.00146928
2000.632,0.00438499,0.00437327,9.48787,0.00156474
2000.649,0.00453047,0.00477164,9.54691,0.00149601
2000.667,0.00483962,0.00447476,9.6641,0.00170795
2000.678,0.0044189,0.00475492,9.65997,0.0016425
2000.688,0.00437897,0.00466663,9.38443,0.0014815
2000.699,0.00459725,0.00480536,9.60668,0.00165483
2000.71,0.00414816,0.00422931,9.59681,0.00184434
2000.721,0.00498738,0.00466706,9.72845,0.00172912
2000.732,0.00445996,0.00447855,9.65724,0.00179102
2000.743,0.00465552,0.00461364,9.36921,0.00146454
2000.754,0.00426353,0.00403655,9.52686,0.00164708
2000.764,0.00423967,0.00417901,9.42077,0.00159867
2000.775,0.00405388,0.00400888,9.52611,0.0015659
2000.786,0.00365421,0.00402189,9.39567,0.00155659
2000.797,0.00437766,0.00426999,9.40401,0.00152834
2000.808,0.00398859,0.00423949,9.26162,0.00154383
2000.819,0.00487684,0.00473269,9.46467,0.00155035
2000.83,0.00440888,0.00422502,9.31584,0.00144528
2000.841,0.00413424,0.00433528,9.29076,0.00156662
2000.851,0.00427234,0.00430592,9.30977,0.00148885
2000.862,0.00448407,0.00435166,9.49619,0.0015629
2000.873,0.00424798,0.00445398,9.41372,0.00140084
2000.884,0.00412049,0.00415165,9.19122,0.00141663
2000.895,0.00455445,0.00458802,9.5389,0.00158385
2000.906,0.00409637,0.00432961,9.43028,0.00156086
2000.917,0.00469055,0.00443209,9.35674,0.00143838
2000.928,0.00416102,0.00423732,9.4913,0.00151918
2000.938,0.00385268,0.00431532,9.40022,0.00153651
2000.949,0.00407538,0.00408987,9.22969,0.00139546
2000.96,0.00463596,0.00413841,9.19052,0.00133973
2000.971,0.0041093,0.0041468,9.55621,0.00150925
2000.982,0.00435597,0.00422649,9.23024,0.00135491
2000.993,0.00401258,0.00433667,9.47283,0.00142328
2001.004,0.00426164,0.00406022,9.40021,0.001525
2001.014,0.00450737,0.00431398,9.55349,0.00136774
2001.025,0.00439297,0.00459582,9.58248,0.00158075
2001.036,0.00441035,0.00457114,9.18656,0.00136408
2001.047,0.00492246,0.00464715,9.65096,0.0015129
2001.058,0.00465875,0.00485062,9.11545,0.00131542
2001.069,0.00451764,0.00460046,9.33245,0.00138789
2001.08,0.00496007,0.00476992,9.15764,0.00136578
2001.091,0.00533929,0.00541531,9.44088,0.00139583
2001.101,0.00631308,0.00553196,9.11376,0.0012499
2001.112,0.00551681,0.00551549,9.09196,0.00131183
2001.123,0.00559594,0.00526859,9.22721,0.0016998
2001.134,0.00562932,0.00591658,9.24136,0.00139046
2001.145,0.00617373,0.00615935,8.94351,0.00123825
2001.156,0.00600853,0.00597098,9.18786,0.00134996
2001.167,0.00572968,0.00581195,8.99594,0.00143335
2001.179,0.00649045,0.00600633,9.46917,0.00151747
2001.192,0.00583415,0.00544499,9.21646,0.00142912
2001.204,0.00585929,0.00544401,9.28191,0.00136613
2001.217,0.00535011,0.00522894,8.94609,0.00127184
2001.229,0.00433726,0.0046471,9.24158,0.00134211
2001.242,0.00452137,0.00488508,9.36929,0.00133858
2001.254,0.00479977,0.00497015,9.28372,0.00141226
2001.267,0.00463872,0.00480333,9.33255,0.00142062
2001.279,0.00480512,0.00500065,9.68712,0.00145982
2001.292,0.00482148,0.00491042,9.53847,0.00155046
2001.304,0.00477817,0.00437449,9.28446,0.00150374
2001.317,0.00408961,0.00446108,9.60284,0.00161782
2001.329,0.00460216,0.0044158,9.20095,0.0014358
2001.342,0.004841,0.00449579,9.16661,0.00140066
2001.354,0.00425603,0.00451307,9.40947,0.00139891
2001.367,0.00446751,0.00459142,9.22476,0.00151532
2001.379,0.00494305,0.0053713,9.37144,0.00147059
2001.392,0.00491086,0.00453876,9.06937,0.00129718
2001.404,0.00486587,0.00446337,9.43942,0.00138886
2001.417,0.00408842,0.00425675,9.72907,0.00155693
2001.429,0.0041963,0.00396866,9.91911,0.00159056
2001.442,0.0045085,0.00453741,9.61967,0.00169751
2001.454,0.00429111,0.00449216,9.42812,0.0016019
2001.467,0.00451573,0.004689,9.57551,0.00152665
2001.479,0.00529651,0.00496123,9.52199,0.00147423
2001.492,0.00434638,0.00458036,9.22513,0.00135513
2001.504,0.00487138,0.00466985,9.49583,0.00149181
2001.517,0.00440188,0.00489119,9.33666,0.00159933
2001.529,0.00462265,0.00442942,9.51615,0.00173635
2001.542,0.00455354,0.00466173,9.58649,0.0015622
2001.554,0.0047481,0.00449499,9.60181,0.00171381
2001.567,0.00468293,0.0046638,9.77171,0.00167486
2001.579,0.00435831,0.00444419,9.48027,0.00145047
2001.592,0.00429365,0.00428627,9.61961,0.00168533
2001.604,0.00404378,0.00404352,9.5326,0.00169503
2001.617,0.00429417,0.00396822,9.68773,0.00167139
2001.629,0.0035422,0.00385941,9.6205,0.00157023
2001.642,0.00423698,0.00401987,9.63442,0.00157583
2001.654,0.00367352,0.00488921,9.37616,0.00150808
2001.667,0.00409446,0.00401889,9.9434,0.0016602
2001.68,0.00360506,0.00390803,9.67619,0.00169131
2001.693,0.00387294,0.00389848,9.44647,0.00156028
2001.706,0.00406861,0.0041909,9.66463,0.00147685
2001.719,0.00410878,0.00412213,9.35764,0.00140194
2001.732,0.00439274,0.00425819,9.39235,0.00152709
2001.746,0.00406247,0.00405428,9.71253,0.00160499
2001.759,0.00399512,0.00397731,9.41303,0.00153297
2001.772,0.00387217,0.00428211,9.45274,0.00150099
2001.785,0.00473075,0.00455311,9.63175,0.00168181
2001.798,0.00371922,0.00393898,9.7088,0.00168897
2001.811,0.00432853,0.0039829,9.50861,0.00163258
2001.825,0.00389692,0.00395989,9.33881,0.00145641
2001.838,0.00445843,0.0043733,9.44671,0.0015332
2001.851,0.00452169,0.00411283,9.3388,0.00144849
2001.864,0.0041329,0.00402338,9.23646,0.00137161
2001.877,0.00406908,0.00392335,9.13848,0.00143179
2001.89,0.00414689,0.00402575,9.72508,0.00152215
2001.904,0.00426145,0.00414608,9.5973,0.00159498
2001.917,0.00392257,0.00402903,9.21895,0.00142443
2001.93,0.00424152,0.00453656,9.35477,0.00128774
2001.943,0.00390202,0.00396599,9.20382,0.00141637
2001.956,0.00382043,0.0038824,9.59443,0.00155782
2001.969,0.00404346,0.00405903,9.35256,0.00137837
2001.982,0.00388207,0.00399921,9.44451,0.00147044
2001.996,0.00417274,0.00403117,9.62146,0.00152091
2002.009,0.0039945,0.00402028,9.40466,0.00146391
2002.022,0.00444642,0.00390395,9.43708,0.00143727
2002.035,0.00431077,0.00417585,9.64929,0.00156197
2002.048,0.00379593,0.00391118,9.24277,0.00141882
2002.061,0.0040034,0.00414419,9.42617,0.00169797
2002.075,0.00428372,0.00408642,9.30649,0.00156278
2002.088,0.00407824,0.00415322,9.12038,0.0014314
2002.101,0.0040876,0.00403408,9.33444,0.00158189
2002.114,0.00376473,0.00398072,9.06517,0.00135985
2002.127,0.00441614,0.00407745,9.71924,0.00174613
2002.14,0.00409297,0.00405325,9.26797,0.00159696
2002.154,0.0042085,0.00419102,9.2874,0.00140563
2002.167,0.00412637,0.00429268,8.99328,0.00145457
2002.179,0.00483787,0.00458647,9.48137,0.001529
2002.191,0.00422403,0.00463169,9.19543,0.00162122
2002.203,0.0040347,0.00435052,9.1247,0.00160815
2002.215,0.0043575,0.00454549,9.44655,0.00167822
2002.228,0.00593018,0.00534637,9.17483,0.0016964
2002.24,0.00592265,0.00584058,9.58224,0.00174398
2002.252,0.00572495,0.00579099,9.25418,0.00151185
2002.264,0.0061069,0.00624158,9.49571,0.0015294
2002.276,0.005685,0.00553179,9.18802,0.00156449
2002.289,0.00660781,0.00620826,9.46477,0.00161003
2002.301,0.00585093,0.00566951,9.30283,0.00150237
2002.313,0.00522337,0.00546889,8.92527,0.00141868
2002.325,0.00544455,0.00541497,9.41536,0.00152866
2002.337,0.00417388,0.00471799,9.26634,0.00153503
2002.35,0.00446504,0.00454734,9.26951,0.00157212
2002.362,0.00495138,0.00440974,9.22676,0.00153868
2002.374,0.00463207,0.00439975,9.29374,0.00151922
2002.386,0.00423203,0.00458066,9.40803,0.00153905
2002.398,0.00484715,0.00445084,9.50372,0.00164674
2002.411,0.00465255,0.00473647,9.73425,0.00163764
2002.423,0.00463068,0.00465982,9.55754,0.00160586
2002.435,0.00423271,0.00406892,9.29374,0.00155624
2002.447,0.00381343,0.00406052,9.3679,0.00158891
2002.459,0.00432681,0.00427723,9.36448,0.0015472
2002.472,0.00407644,0.00428388,9.46081,0.0017195
2002.484,0.0042685,0.00408599,9.61489,0.00191131
2002.496,0.00444908,0.0042791,9.59944,0.00159973
2002.508,0.00418909,0.0039632,9.56363,0.00182961
2002.52,0.00398189,0.00362329,9.48712,0.00171079
2002.533,0.00383352,0.00371234,9.41107,0.00172772
2002.545,0.00395976,0.00376306,9.59248,0.00172065
2002.557,0.00365392,0.00394928,9.33459,0.00166692
2002.569,0.00402382,0.0043775,9.37739,0.00155663
2002.581,0.00412191,0.00396525,9.41106,0.0016225
2002.593,0.00373392,0.00395868,9.49627,0.00172084
2002.606,0.00411766,0.0037658,9.57214,0.00178567
2002.618,0.00368904,0.00379656,9.64503,0.00189201
2002.63,0.00356865,0.00376724,9.45429,0.00182736
2002.642,0.00362062,0.00366059,9.45756,0.00169512
2002.654,0.0037145,0.00376229,9.60823,0.00175977
2002.667,0.00373369,0.00372659,9.79505,0.00179853
2002.68,0.00370089,0.00377535,9.31963,0.0016165
2002.693,0.00368416,0.00367795,9.54658,0.00170665
2002.706,0.00347438,0.00385469,9.53158,0.00164646
2002.719,0.0035513,0.00370259,9.49747,0.00165946
2002.731,0.00363964,0.00347046,9.35172,0.00153833
2002.744,0.00369525,0.00374111,9.22789,0.0015916
2002.757,0.00392652,0.0039005,9.13686,0.00147553
2002.77,0.00333371,0.00364342,8.9702,0.00140804
2002.783,0.0034886,0.003595,8.97295,0.00143977
2002.796,0.0035496,0.00351504,9.30205,0.00157313
2002.809,0.00341228,0.00335582,9.02602,0.00149582
2002.822,0.0037972,0.00343786,9.17548,0.00159429
2002.835,0.00348252,0.00352467,9.34137,0.00160372
2002.848,0.00367178,0.00369434,9.19674,0.00151848
2002.861,0.00355652,0.00339189,9.04978,0.00144034
2002.874,0.00372939,0.0037312,9.18871,0.00144655
2002.887,0.00390026,0.00388796,9.35906,0.00147472
2002.9,0.00355503,0.00378566,9.15184,0.00151214
2002.913,0.00401899,0.0038748,8.91429,0.00133921
2002.926,0.00344019,0.00377288,9.12949,0.00138455
2002.939,0.0035407,0.00369019,9.42446,0.00155585
2002.952,0.0037104,0.0036353,9.02902,0.00136547
2002.965,0.00378123,0.00383309,8.93812,0.00135593
2002.978,0.00385205,0.0037108,9.35973,0.00146993
2002.991,0.00337366,0.00354517,9.12472,0.00132024
2003.004,0.00343827,0.00362363,9.13064,0.00141434
2003.017,0.00331515,0.00358212,8.81466,0.00135244
2003.03,0.00337504,0.00380105,9.71918,0.0016523
2003.043,0.00354644,0.00364865,9.37765,0.00161171
2003.056,0.00354311,0.00377039,8.8518,0.0014401
2003.069,0.00378344,0.00360207,9.25183,0.00150778
2003.081,0.00373186,0.00371637,9.01122,0.0013299
2003.094,0.00377102,0.00391724,8.75578,0.00122777
2003.107,0.00387373,0.00379057,9.21112,0.0013317
2003.12,0.00343012,0.00391655,8.99716,0.00135119
2003.133,0.00391244,0.00372008,9.03042,0.00132054
2003.146,0.00331044,0.00361083,8.98934,0.00126986
2003.159,0.00333811,0.00333931,9.02832,0.00136398
2003.172,0.00342125,0.00338519,9.18941,0.00138465
2003.185,0.00319182,0.00336305,8.74918,0.00133738
2003.198,0.00349589,0.00359313,9.01645,0.00142439
2003.211,0.00359948,0.0038173,9.36312,0.00141976
2003.224,0.00358471,0.00369674,8.90893,0.00133391
2003.237,0.00391989,0.00400882,9.26544,0.00143557
2003.25,0.00415875,0.00397888,8.78607,0.00137367
2003.266,0.00432109,0.0044852,8.99411,0.00139502
2003.282,0.00463794,0.00485609,9.15357,0.00131206
2003.298,0.00497895,0.00484218,8.85106,0.00118376
2003.314,0.005121,0.00526708,8.85809,0.001354
2003.33,0.00493452,0.0054334,8.94332,0.00135077
2003.346,0.00518252,0.00538665,9.10788,0.00144661
2003.361,0.00499698,0.00493313,9.15999,0.00167498
2003.377,0.00479631,0.00493645,9.21449,0.00153925
2003.393,0.00518024,0.00493869,8.92444,0.00151816
2003.409,0.00511628,0.00515089,9.07606,0.0014651
2003.425,0.00482809,0.00496458,9.23925,0.00162858
2003.441,0.00466594,0.00497754,9.41901,0.00160752
2003.457,0.00432012,0.00475237,9.37386,0.00164752
2003.473,0.00443361,0.00445251,9.53399,0.00168457
2003.489,0.00425521,0.00443157,9.58657,0.00149673
2003.505,0.00402011,0.00415081,9.06829,0.00148968
2003.521,0.00409302,0.00410225,9.304,0.00154136
2003.537,0.00395067,0.00407164,9.76964,0.00171461
2003.552,0.00407535,0.00399141,9.35967,0.00177427
2003.568,0.00391809,0.0037663,9.01187,0.00174255
2003.584,0.00383451,0.00409172,9.24279,0.00164362
2003.6,0.00380453,0.00392716,9.31017,0.00172681
2003.616,0.00391834,0.00399688,9.25866,0.00191768
2003.632,0.00437448,0.00401947,9.20431,0.00171298
2003.648,0.00371521,0.00366692,9.06116,0.0015862
2003.664,0.00405949,0.00397761,9.46818,0.00164672
2003.68,0.00368048,0.0036731,9.09885,0.00161546
2003.696,0.00399834,0.00369755,9.18136,0.00157257
2003.712,0.00351361,0.00382421,9.09633,0.00157185
2003.728,0.00426136,0.00432018,9.29312,0.00146792
2003.743,0.00441029,0.00400763,9.34859,0.00157106
2003.759,0.0041515,0.00393903,9.45214,0.00155819
2003.775,0.00361925,0.00365973,9.14233,0.00154052
2003.791,0.00405406,0.00376463,9.42399,0.00156601
2003.807,0.00349207,0.00363065,9.42941,0.00158398
2003.823,0.00362909,0.00364659,9.17845,0.00161121
2003.839,0.00363345,0.00359782,9.25406,0.00152786
2003.855,0.00374661,0.00380289,9.16258,0.00154609
2003.871,0.0038627,0.00356762,8.92408,0.00147668
2003.887,0.00355087,0.00347725,9.34064,0.00158022
2003.903,0.00344185,0.00363628,9.23243,0.00166322
2003.919,0.00382286,0.00433127,9.64902,0.00160755
2003.934,0.00318775,0.00340934,9.09105,0.00141975
2003.95,0.00350365,0.00367754,9.148,0.00139634
2003.966,0.00370237,0.00351327,9.27398,0.00150158
2003.982,0.00348023,0.00363024,9.30002,0.00148599
2003.998,0.00368239,0.00372304,9.2127,0.00146815
2004.014,0.00358337,0.00355227,9.12178,0.00148823
2004.03,0.00331974,0.00361097,8.96748,0.0015604
2004.046,0.00369186,0.00360859,9.47488,0.00163738
2004.062,0.00348962,0.00357299,9.18212,0.00154031
2004.078,0.00355869,0.00380808,9.31225,0.00168182
2004.094,0.0039053,0.00381313,9.4184,0.00187163
2004.11,0.00387818,0.00415247,9.76505,0.00200654
2004.125,0.00353172,0.0035575,9.12589,0.00184431
2004.141,0.00374289,0.00377038,9.46673,0.0017518
2004.157,0.00336524,0.00359103,9.29965,0.00163746
2004.173,0.0034142,0.00366936,9.18858,0.0015517
2004.189,0.003571,0.00357377,8.99161,0.00151686
2004.205,0.0038147,0.00357516,9.07627,0.00147132
2004.221,0.00369917,0.00358897,9.16027,0.00145577
2004.237,0.00335868,0.00363582,9.02305,0.00138981
2004.253,0.00337386,0.00358432,8.97701,0.0013584
2004.269,0.00361661,0.00356897,9.10191,0.00146438
2004.285,0.00367049,0.00373209,9.30543,0.00156391
2004.301,0.00372721,0.00378625,9.22176,0.00173217
2004.316,0.00361588,0.00364687,9.1217,0.00184509
2004.332,0.00362392,0.00386353,9.21334,0.00150391
2004.348,0.00348975,0.00361415,9.11511,0.00161558
2004.364,0.00371695,0.00393975,9.44325,0.00158635
2004.38,0.00378865,0.0039454,9.5428,0.00157382
2004.396,0.00394574,0.00409047,9.458,0.00164971
2004.412,0.00398684,0.00409283,9.31377,0.00165424
2004.428,0.00396858,0.00415219,9.27313,0.00176863
2004.444,0.00396047,0.00387962,9.19607,0.0016221
2004.46,0.00415886,0.00400787,9.34509,0.00164464
2004.476,0.00433767,0.00382977,9.32867,0.00177145
2004.492,0.0041035,0.00408128,9.06455,0.00167566
2004.507,0.00411735,0.00412213,9.12672,0.00162942
2004.523,0.0039236,0.00411837,9.01136,0.00152938
2004.539,0.00439077,0.00442746,9.34992,0.00145648
2004.555,0.00429232,0.00419751,9.12998,0.00139987
2004.571,0.00386293,0.00421574,9.26771,0.00155521
2004.587,0.0038456,0.00380055,9.41893,0.00163252
2004.603,0.00380962,0.00376438,9.21121,0.00168911
2004.619,0.00375552,0.00382179,9.66903,0.00160928
2004.635,0.00388086,0.00386753,9.43121,0.0016888
2004.651,0.00373254,0.00385375,9.24054,0.00164951
2004.667,0.00394913,0.00383467,9.73337,0.00169413
2004.678,0.00393701,0.00391606,9.37676,0.00162766
2004.689,0.00427479,0.00393005,9.44389,0.00151829
2004.7,0.0040411,0.00387435,9.35693,0.00172048
2004.711,0.00385467,0.00399449,9.36143,0.00162977
2004.721,0.00363132,0.0040839,9.36899,0.0017605
2004.732,0.00365774,0.003631,9.10958,0.00172689
2004.743,0.00390904,0.00380324,9.48829,0.00177439
2004.754,0.00356608,0.00353159,9.4195,0.00155966
2004.765,0.00374462,0.00397205,9.46763,0.0017009
2004.776,0.00379696,0.00390243,9.50694,0.00168199
2004.787,0.00375428,0.00384098,9.43085,0.00173737
2004.798,0.00348973,0.00382514,9.4529,0.0017338
2004.809,0.00387251,0.00370697,9.45687,0.00174308
2004.82,0.00375371,0.00386149,9.43156,0.00170873
2004.831,0.00403241,0.00403262,9.33996,0.00159883
2004.842,0.00386749,0.00385481,9.30285,0.00152786
2004.853,0.00440257,0.00406091,9.39136,0.0015807
2004.864,0.00389504,0.00361475,9.33622,0.00177141
2004.875,0.00377267,0.00404674,9.29173,0.00167537
2004.886,0.00382202,0.00387929,9.45641,0.00173901
2004.897,0.00402252,0.00371677,9.3516,0.00168371
2004.908,0.00373233,0.00380222,9.26893,0.00166307
2004.919,0.0039889,0.00390931,9.36329,0.00170063
2004.93,0.00376547,0.00371161,9.35761,0.00169285
2004.941,0.00373307,0.00389323,9.28406,0.00159731
2004.952,0.00430747,0.0040545,9.2789,0.00151931
2004.963,0.00349838,0.00385151,9.2157,0.00151516
2004.974,0.00349363,0.00364067,9.60596,0.0017865
2004.985,0.00371325,0.00375803,9.44176,0.00170828
2004.996,0.0066497,0.00365875,9.33953,0.00171887
2005.007,0.00343855,0.00367142,9.21325,0.00169601
2005.018,0.00339041,0.00368317,9.5207,0.00165268
2005.029,0.0034973,0.00345475,9.27335,0.00159809
2005.039,0.00341346,0.00348083,9.16625,0.00156266
2005.05,0.00376209,0.00364349,9.00266,0.00161999
2005.061,0.0035673,0.00405131,9.09522,0.00155292
2005.072,0.00431465,0.00402312,9.4605,0.00157447
2005.083,0.003919,0.00374609,8.83288,0.00128302
2005.094,0.00398922,0.00409054,8.96724,0.00149214
2005.105,0.00392285,0.00390877,9.35492,0.00158353
2005.116,0.00385246,0.00395255,8.96173,0.00140988
2005.127,0.00397071,0.00393316,9.36264,0.00159183
2005.138,0.00358736,0.00384953,9.23522,0.00147339
2005.149,0.00383804,0.0036102,9.2354,0.00145459
2005.16,0.00373851,0.00369049,9.33143,0.00156747
2005.171,0.00380955,0.00384116,9.40676,0.00161886
2005.182,0.00379325,0.00375536,9.14204,0.00152486
2005.193,0.00384046,0.00382895,9.28174,0.00158008
2005.204,0.00395197,0.0040883,9.52853,0.00168862
2005.215,0.00405599,0.00399918,9.64018,0.00172811
2005.226,0.00419664,0.00422509,9.74757,0.00157349
2005.237,0.00437158,0.0042518,9.4877,0.00161633
2005.248,0.00439035,0.00469284,9.82384,0.00176255
2005.259,0.00469381,0.00457267,9.50452,0.00177227
2005.27,0.00446768,0.00462085,9.35734,0.00161774
2005.281,0.00456869,0.00454926,9.15826,0.0014361
2005.292,0.00435434,0.00469425,9.21789,0.00156347
2005.303,0.00466876,0.0048555,9.32163,0.00185271
2005.314,0.00500599,0.00526389,9.4795,0.00181608
2005.325,0.00485604,0.00495462,9.43398,0.0017335
2005.336,0.00481065,0.00479029,9.39088,0.00175472
2005.347,0.00493132,0.00488991,9.40829,0.00168547
2005.358,0.00471554,0.00478407,9.16396,0.00151603
2005.369,0.00444267,0.00491563,9.34376,0.00163347
2005.381,0.00478246,0.00491356,9.40974,0.00157437
2005.392,0.00530514,0.0051108,9.01537,0.0015541
2005.403,0.00483264,0.00472153,9.2207,0.00163978
2005.414,0.00442055,0.00457621,9.55781,0.00176317
2005.425,0.00434181,0.00442958,9.07568,0.00151254
2005.436,0.00439486,0.00432662,9.33638,0.00159191
2005.447,0.00454627,0.00438438,9.51674,0.0017361
2005.458,0.00438924,0.00439809,9.28177,0.00169667
2005.469,0.00420616,0.00434926,9.24005,0.00176863
2005.48,0.00461599,0.00432831,9.55653,0.00198586
2005.491,0.00434726,0.00423566,9.57244,0.00176029
2005.502,0.00453179,0.00420792,9.51353,0.00174123
2005.513,0.00442343,0.00448291,9.77501,0.00179372
2005.524,0.00449853,0.00429643,9.45542,0.00164761
2005.535,0.00431007,0.00447012,9.35887,0.00170946
2005.546,0.00414418,0.0040824,9.43138,0.00189818
2005.557,0.00424246,0.00417315,9.63439,0.00181636
2005.568,0.00391937,0.00419025,9.74803,0.00190306
2005.579,0.00407073,0.00410517,9.53259,0.00176872
2005.59,0.004333,0.00423302,9.50591,0.00193756
2005.601,0.00417591,0.00407461,9.60771,0.00196108
2005.612,0.0039831,0.00423528,9.38958,0.00175233
2005.623,0.00428373,0.00414315,9.30462,0.00166863
2005.634,0.00395526,0.00423239,9.64565,0.00179546
2005.645,0.00422342,0.00427217,9.36854,0.00172712
2005.656,0.00452757,0.00448892,9.83878,0.00186387
2005.667,0.00438707,0.00451201,9.88266,0.00185823
2005.676,0.00400167,0.0042407,9.46582,0.00168299
2005.685,0.00451787,0.00450246,9.50654,0.00167484
2005.694,0.00438061,0.00442457,9.49327,0.00175697
2005.703,0.00468356,0.00474024,9.71074,0.0016153
2005.712,0.00423887,0.0041929,9.21946,0.0016127
2005.721,0.00368322,0.0041568,9.30291,0.0016478
2005.73,0.00441675,0.00423712,9.45632,0.00158395
2005.739,0.00406051,0.00409524,9.64081,0.00169762
2005.748,0.00395581,0.00395918,9.18331,0.00145978
2005.758,0.00400787,0.00404016,9.63484,0.00161607
2005.767,0.00392217,0.00443105,9.19171,0.00148063
2005.776,0.0040437,0.00410517,9.10607,0.00147096
2005.785,0.00384396,0.00387559,9.09453,0.00146922
2005.794,0.00399321,0.00392676,9.28061,0.0014712
2005.803,0.00390134,0.00393213,9.46365,0.00166064
2005.812,0.00361547,0.00377273,9.13526,0.00168535
2005.821,0.00410832,0.00394459,9.24563,0.00172581
2005.83,0.00418004,0.00430544,9.26135,0.00172927
2005.839,0.00384006,0.0038165,9.20728,0.00165235
2005.848,0.00352036,0.00383873,9.54308,0.00164859
2005.858,0.00376973,0.00380184,9.11829,0.00158577
2005.867,0.00359503,0.00378408,9.3262,0.00169131
2005.876,0.00406237,0.00396158,9.43592,0.00169412
2005.885,0.00417387,0.00381082,9.35929,0.0016297
2005.894,0.00370321,0.00370162,9.36006,0.00165088
2005.903,0.00393962,0.00381867,9.50852,0.00154834
2005.912,0.00413446,0.00383001,9.20016,0.00144256
2005.921,0.00400125,0.00394896,9.3134,0.00153161
2005.93,0.00388785,0.0037968,9.06068,0.001294
2005.939,0.00419843,0.00377312,9.10799,0.00163188
2005.948,0.00400922,0.00398366,9.29008,0.00168209
2005.958,0.0039367,0.00387897,9.13469,0.00156279
2005.967,0.00405387,0.00404383,9.25633,0.00150383
2005.976,0.00376322,0.00406127,9.15438,0.00147424
2005.985,0.00353422,0.0039439,9.15267,0.00148242
2005.994,0.00425687,0.00396746,9.30546,0.00156119
2006.003,0.00407851,0.00396307,9.18404,0.00153838
2006.012,0.00456752,0.00427509,9.36799,0.00155607
2006.021,0.00387702,0.00412739,9.19249,0.00153406
2006.03,0.00449942,0.00428117,9.41558,0.00183758
2006.039,0.00437477,0.00423167,9.57902,0.00182528
2006.048,0.00457149,0.00453576,9.81019,0.00200057
2006.058,0.00421137,0.00436614,9.42852,0.00201396
2006.067,0.00438354,0.00443455,9.4886,0.0019235
2006.076,0.00406875,0.00449658,9.4625,0.00195164
2006.085,0.00409125,0.00435237,9.5294,0.0018356
2006.094,0.00447725,0.00431979,9.16217,0.00165367
2006.103,0.00434635,0.00448021,9.05317,0.001766
2006.112,0.00461899,0.00472407,9.05166,0.00170786
2006.121,0.00465766,0.00443115,9.06822,0.0016899
2006.13,0.00459992,0.00442427,9.06669,0.00164491
2006.139,0.00472745,0.00447968,9.3718,0.00187125
2006.148,0.00444712,0.00434846,9.15478,0.00170881
2006.158,0.00519917,0.00506173,9.30211,0.00180079
2006.167,0.00479768,0.00496584,9.36496,0.00160375
2006.187,0.00479414,0.00503021,9.3217,0.00161872
2006.207,0.00509635,0.00505956,9.05552,0.00143282
2006.227,0.00512315,0.0052546,9.2431,0.00155146
2006.247,0.00483044,0.00498019,9.04308,0.00145798
2006.267,0.00466556,0.00482174,9.50478,0.00166059
2006.287,0.00505483,0.00500638,9.80531,0.0019692
2006.307,0.00478263,0.00484544,9.22774,0.00174417
2006.327,0.00446563,0.00458322,9.48803,0.00178549
2006.347,0.00585913,0.00417707,9.60937,0.00187087
2006.367,0.00422016,0.00419059,9.66395,0.00194286
2006.387,0.00473979,0.00469186,9.73896,0.0018853
2006.407,0.0042099,0.00431196,9.2449,0.00165508
2006.427,0.00443613,0.00469073,9.3029,0.00159466
2006.447,0.00449534,0.00454633,9.56655,0.00166402
2006.467,0.0041818,0.00393806,9.35261,0.00176731
2006.487,0.00393992,0.00411339,9.28136,0.00159784
2006.507,0.00419279,0.00430192,9.29973,0.00149336
2006.527,0.00405635,0.00431495,9.44336,0.001535
2006.547,0.00397722,0.00411701,9.45741,0.00166011
2006.567,0.00411872,0.00428559,9.34146,0.00156452
2006.587,0.0042098,0.00412872,9.39561,0.0015814
2006.607,0.00421096,0.00422459,9.47263,0.00157521
2006.627,0.00432397,0.00420472,9.06981,0.00154464
2006.647,0.00382265,0.00410873,9.14811,0.00166151
2006.667,0.00431198,0.00421622,9.34796,0.00162554
2006.687,0.00418317,0.00426287,9.75752,0.0017728
2006.707,0.00407271,0.0040851,9.30682,0.00170735
2006.727,0.00456719,0.00454247,9.66416,0.00176786
2006.747,0.00420036,0.00444519,9.47642,0.00168888
2006.767,0.00448228,0.00481562,9.07825,0.00153098
2006.787,0.00447378,0.00446787,9.3902,0.00156071
2006.807,0.00460966,0.00460757,9.28143,0.00158386
2006.827,0.00447839,0.00440637,9.48809,0.0017321
2006.847,0.00493454,0.00463217,9.62484,0.00180117
2006.867,0.00498274,0.00449783,9.39734,0.00168086
2006.887,0.00439541,0.00442314,9.34858,0.00165301
2006.907,0.00440527,0.00447891,9.27914,0.00165098
2006.927,0.00424937,0.00454753,9.42866,0.00166919
2006.947,0.00481529,0.00460219,9.18276,0.00160158
2006.967,0.00484079,0.00503474,9.36196,0.00155486
2006.987,0.00512629,0.00514345,9.37548,0.00158101
2007.007,0.0056317,0.00530814,9.37975,0.00154737
2007.027,0.00429243,0.0047069,9.28041,0.00162276
2007.047,0.00426793,0.00426841,8.82921,0.00134151
2007.067,0.00418202,0.0042411,9.19496,0.00146667
2007.087,0.00422865,0.00424664,9.09149,0.00145326
2007.107,0.00422313,0.0043167,9.36306,0.0014576
2007.127,0.00392235,0.0041861,9.07038,0.00145034
2007.147,0.00385353,0.00407666,9.29409,0.00148397
2007.167,0.0039163,0.00423007,8.92544,0.00137876
2007.263,0.00444714,0.0044,9.34007,0.00158671
2007.275,0.00417325,0.00464157,9.27417,0.00148185
2007.287,0.00520327,0.00527016,8.98303,0.00138467
2007.299,0.00661765,0.00662464,9.67156,0.00166223
2007.311,0.00693095,0.00733289,9.04494,0.00155126
2007.323,0.00696166,0.00725723,9.06047,0.00146553
2007.335,0.00736408,0.00764771,9.0932,0.00141568
2007.348,0.0075032,0.00750792,9.46138,0.00162472
2007.36,0.00592488,0.00612574,9.16369,0.00162096
2007.372,0.00591673,0.00578807,9.326,0.00166747
2007.384,0.00602659,0.00618109,9.49224,0.00164522
2007.396,0.00560233,0.00570697,9.16783,0.00156573
2007.408,0.00535623,0.00550295,9.15288,0.00144665
2007.42,0.0052279,0.00531231,9.01869,0.00141553
2007.432,0.00519324,0.0052163,9.20754,0.0016712
2007.444,0.00538919,0.00537918,9.19131,0.00162734
2007.456,0.00538542,0.00513477,9.54924,0.00191295
2007.468,0.00442376,0.0048883,9.50783,0.00194248
2007.48,0.00537824,0.00526041,9.61439,0.00197295
2007.492,0.00588062,0.00599426,9.15437,0.00179072
2007.504,0.00835382,0.00778531,9.48445,0.00201421
2007.516,0.00752717,0.00756266,9.40725,0.00205022
2007.528,0.00684475,0.00674041,9.69526,0.00198627
2007.54,0.00691774,0.00646222,9.6374,0.00207132
2007.552,0.00667756,0.00676806,9.77543,0.00190144
2007.565,0.00673098,0.00684173,9.43559,0.00197489
2007.577,0.00765893,0.00710842,9.37799,0.00178772
2007.589,0.00684802,0.00690772,9.42863,0.00182196
2007.601,0.00691154,0.0070874,9.67991,0.0018531
2007.613,0.00689277,0.00684093,9.50704,0.00178348
2007.625,0.00606379,0.00626628,9.39795,0.00184645
2007.637,0.00657861,0.00619095,9.44057,0.00178186
2007.649,0.00608337,0.00608234,9.40498,0.00189383
2007.661,0.00667764,0.00653296,9.67845,0.00188559
2007.676,0.00573086,0.00585557,9.70502,0.00186252
2007.691,0.00576009,0.0057279,9.49673,0.00168288
2007.706,0.00481747,0.00524472,9.55776,0.00167787
2007.72,0.00527688,0.00526215,9.51781,0.00173693
2007.735,0.00528872,0.00487323,9.24341,0.00146592
2007.75,0.00475143,0.00501535,9.33192,0.00144673
2007.765,0.0054325,0.00519501,9.28424,0.00158244
2007.78,0.0058655,0.00567579,9.38836,0.00178786
2007.795,0.00601769,0.00624517,9.35572,0.00183906
2007.81,0.00598093,0.00596619,9.53078,0.00185905
2007.825,0.00561933,0.00566208,9.33366,0.00175517
2007.839,0.00594068,0.00604898,9.2484,0.00175753
2007.854,0.00738223,0.00703177,9.44777,0.00178806
2007.869,0.00672267,0.00659379,9.6391,0.00188475
2007.884,0.00554018,0.0055274,9.07831,0.00151706
2007.899,0.006251,0.00604403,9.53374,0.00169608
2007.914,0.00594949,0.00555587,9.38722,0.0016545
2007.929,0.00518837,0.00526741,9.26441,0.0016051
2007.944,0.00551261,0.00544171,9.17263,0.00161239
2007.958,0.00538612,0.00552404,9.17402,0.00169778
2007.973,0.00556422,0.00568558,9.47319,0.00175084
2007.988,0.00565191,0.00568365,9.3621,0.00162571
2008.003,0.0057781,0.00582674,9.32065,0.00163663
2008.018,0.00535302,0.00517958,9.10688,0.0014589
2008.033,0.00518975,0.005442,9.15289,0.00144514
2008.048,0.00578418,0.00585023,9.39901,0.00155188
2008.063,0.00587455,0.00581844,8.91864,0.00141168
2008.077,0.00599668,0.00620198,9.32251,0.00143967
2008.092,0.00623692,0.00626786,9.68707,0.00174408
2008.107,0.00516894,0.00502007,9.04713,0.00145842
2008.122,0.00539863,0.00550318,9.43151,0.00164605
2008.137,0.00534562,0.00554736,9.35014,0.00161268
2008.152,0.00597679,0.00584509,9.06784,0.00167086
2008.167,0.00541774,0.00553614,8.82722,0.00138779
2008.182,0.00649462,0.00635113,9.1344,0.00144037
2008.196,0.00815937,0.00816599,9.26352,0.00165552
2008.211,0.00878277,0.00890058,9.27067,0.00168021
2008.226,0.00974126,0.00999276,9.34933,0.00166912
2008.241,0.00955119,0.00976367,9.15116,0.00162411
2008.256,0.00970219,0.00987259,9.29865,0.00171635
2008.271,0.0094902,0.00952531,9.2015,0.00155001
2008.286,0.00883283,0.00931245,9.32497,0.00178767
2008.301,0.00899783,0.00910186,9.09147,0.0018019
2008.315,0.00706548,0.00751889,9.35602,0.00193375
2008.33,0.00701105,0.00726061,9.26274,0.00192307
2008.345,0.00674544,0.00670379,9.33243,0.00169678
2008.36,0.00616222,0.0062449,9.11978,0.00167174
2008.375,0.00675405,0.00660897,9.26947,0.00178461
2008.39,0.006341,0.00680611,9.28588,0.00158901
2008.405,0.00661852,0.00655338,9.14561,0.0015291
2008.42,0.00689367,0.00662337,9.27058,0.00161003
2008.435,0.00611388,0.00635536,9.09404,0.00154402
2008.449,0.00706028,0.00683086,9.07792,0.00161153
2008.464,0.0079021,0.00798497,9.85851,0.00180182
2008.479,0.00727091,0.00733152,9.41685,0.00152609
2008.494,0.0078416,0.00760568,9.27706,0.00160213
2008.509,0.00673543,0.00674376,9.24783,0.00146979
2008.524,0.00620336,0.00625537,9.39944,0.00159336
2008.539,0.00653249,0.00640279,9.46458,0.00163111
2008.554,0.00581145,0.00601262,9.48613,0.00189844
2008.568,0.0063194,0.00636206,9.69554,0.00199853
2008.583,0.00626556,0.00593473,9.62751,0.00190977
2008.598,0.00556691,0.00565984,9.40897,0.00172464
2008.613,0.00549501,0.00566373,9.29138,0.00162604
2008.628,0.00542666,0.0053253,9.23931,0.00158289
2008.643,0.00519328,0.00551885,9.15953,0.00138101
2008.658,0.0054872,0.00545248,9.12162,0.00135092
2008.673,0.00553511,0.00554948,9.41602,0.00143204
2008.688,0.00545349,0.00551082,9.58649,0.00169743
2008.702,0.00559064,0.00587791,9.61397,0.00195666
2008.717,0.006171,0.00619947,9.50977,0.00183557
2008.732,0.00620943,0.00604673,9.42208,0.00167326
2008.747,0.005515,0.00560018,9.51713,0.00177804
2008.762,0.00593283,0.00588467,9.4382,0.00171818
2008.777,0.00587593,0.00589326,9.53253,0.00159531
2008.792,0.00550452,0.00542645,9.53904,0.00177951
2008.807,0.00532026,0.00522498,9.3304,0.00182844
2008.821,0.00497611,0.0052658,9.31847,0.00165849
2008.836,0.00478431,0.0050679,9.35838,0.00164861
2008.851,0.00491139,0.00507523,9.36269,0.00182993
2008.866,0.00498761,0.00533309,9.20624,0.00149336
2008.881,0.00542768,0.00522338,9.06695,0.00159407
2008.896,0.00636949,0.00610464,9.28036,0.00150218
2008.911,0.00658651,0.00659519,9.29046,0.0015393
2008.926,0.00619585,0.00620719,9.25629,0.00168516
2008.94,0.00600527,0.00613398,9.40469,0.00163657
2008.955,0.00750674,0.00802867,9.11046,0.00164339
2008.97,0.00770843,0.00740807,8.91779,0.00151874
2008.985,0.00692989,0.00669233,8.91504,0.00130848
2009,0.00762054,0.0079313,8.57594,0.00110887