Age,Lumin
1962.135,0.780593
1962.154,0.795058
1962.173,0.80335
1962.192,0.803269
1962.212,0.797517
1962.231,0.789274
1962.25,0.77699
1962.269,0.764385
1962.288,0.751907
1962.308,0.741481
1962.327,0.732565
1962.346,0.724957
1962.365,0.718633
1962.385,0.713587
1962.404,0.7105
1962.423,0.714722
1962.442,0.719365
1962.462,0.719412
1962.481,0.720056
1962.5,0.72078
1962.519,0.718429
1962.538,0.715995
1962.558,0.713475
1962.577,0.721295
1962.596,0.72681
1962.615,0.726128
1962.635,0.724497
1962.654,0.721251
1962.673,0.712318
1962.692,0.707726
1962.712,0.705935
1962.731,0.704208
1962.75,0.702531
1962.769,0.700914
1962.788,0.697494
1962.808,0.69437
1962.827,0.692526
1962.846,0.69213
1962.865,0.693123
1962.885,0.699095
1962.904,0.706795
1962.923,0.715805
1962.942,0.726556
1962.962,0.735855
1962.981,0.743064
1963,0.750985
1963.019,0.757821
1963.038,0.761185
1963.058,0.762799
1963.077,0.76193
1963.096,0.746838
1963.115,0.738239
1963.135,0.736017
1963.154,0.729787
1963.173,0.71984
1963.192,0.711443
1963.212,0.703175
1963.231,0.698438
1963.25,0.693672
1963.269,0.689061
1963.288,0.684935
1963.308,0.682462
1963.327,0.683008
1963.346,0.684552
1963.365,0.688442
1963.385,0.691956
1963.404,0.694337
1963.423,0.69533
1963.442,0.695479
1963.462,0.696306
1963.481,0.695418
1963.5,0.694135
1963.519,0.692211
1963.538,0.691405
1963.558,0.691025
1963.577,0.689047
1963.596,0.692635
1963.615,0.692734
1963.635,0.69153
1963.654,0.69212
1963.673,0.691924
1963.692,0.690657
1963.712,0.697449
1963.731,0.703003
1963.75,0.702503
1963.769,0.706095
1963.788,0.709509
1963.808,0.709197
1963.827,0.706718
1963.846,0.705586
1963.865,0.708072
1963.885,0.704933
1963.904,0.699137
1963.923,0.690148
1963.942,0.678497
1963.962,0.669761
1963.981,0.659801
1964,0.655447
1964.019,0.649895
1964.038,0.647754
1964.058,0.655069
1964.077,0.672228
1964.096,0.683414
1964.115,0.691119
1964.135,0.700676
1964.154,0.710949
1964.173,0.716578
1964.192,0.715757
1964.212,0.707131
1964.231,0.697167
1964.25,0.686412
1964.269,0.674171
1964.288,0.66495
1964.308,0.662217
1964.327,0.661752
1964.346,0.661964
1964.365,0.662549
1964.385,0.665106
1964.404,0.669771
1964.423,0.679163
1964.442,0.682071
1964.462,0.682461
1964.481,0.682998
1964.5,0.685703
1964.519,0.689696
1964.538,0.695063
1964.558,0.698531
1964.577,0.700577
1964.596,0.700066
1964.615,0.699893
1964.635,0.699604
1964.654,0.698283
1964.673,0.696466
1964.692,0.691368
1964.712,0.679983
1964.731,0.665386
1964.75,0.655046
1964.769,0.650604
1964.788,0.640728
1964.808,0.636108
1964.827,0.635851
1964.846,0.636856
1964.865,0.648469
1964.885,0.664942
1964.904,0.680103
1964.923,0.693886
1964.942,0.704916
1964.962,0.711297
1964.981,0.716206
1965,0.719067
1965.019,0.719658
1965.038,0.720026
1965.058,0.721976
1965.077,0.725216
1965.096,0.728836
1965.115,0.728442
1965.135,0.728848
1965.154,0.738202
1965.173,0.739335
1965.192,0.738127
1965.212,0.723583
1965.231,0.705474
1965.25,0.679725
1965.269,0.654599
1965.288,0.6355
1965.308,0.624078
1965.327,0.619554
1965.346,0.618556
1965.365,0.620617
1965.385,0.623485
1965.404,0.627445
1965.423,0.633335
1965.442,0.639535
1965.462,0.652469
1965.481,0.664675
1965.5,0.675344
1965.519,0.68828
1965.538,0.69545
1965.558,0.702343
1965.577,0.707986
1965.596,0.715206
1965.615,0.712752
1965.635,0.714552
1965.654,0.729802
1965.673,0.735679
1965.692,0.746044
1965.712,0.743428
1965.731,0.73487
1965.75,0.730167
1965.769,0.72668
1965.788,0.717317
1965.808,0.714145
1965.827,0.722149
1965.846,0.733801
1965.865,0.745255
1965.885,0.74954
1965.904,0.746195
1965.923,0.744595
1965.942,0.746171
1965.962,0.751913
1965.981,0.756914
1966,0.757322
1966.019,0.757106
1966.038,0.756891
1966.058,0.756675
1966.077,0.756459
1966.096,0.755111
1966.115,0.753563
1966.135,0.752015
1966.154,0.750467
1966.173,0.74867
1966.192,0.745999
1966.212,0.743327
1966.231,0.740656
1966.25,0.737984
1966.269,0.73358
1966.288,0.728018
1966.308,0.722456
1966.327,0.716893
1966.346,0.711331
1966.365,0.705982
1966.385,0.700638
1966.404,0.695294
1966.423,0.68995
1966.442,0.685239
1966.462,0.681712
1966.481,0.678185
1966.5,0.674658
1966.519,0.671131
1966.538,0.667664
1966.558,0.664219
1966.577,0.660774
1966.596,0.657329
1966.615,0.654038
1966.635,0.652083
1966.654,0.650128
1966.673,0.648173
1966.692,0.646218
1966.712,0.646205
1966.731,0.648341
1966.75,0.650477
1966.769,0.652613
1966.788,0.654749
1966.808,0.657019
1966.827,0.659312
1966.846,0.661605
1966.865,0.663898
1966.885,0.666818
1966.904,0.671849
1966.923,0.676879
1966.942,0.68191
1966.962,0.686941
1966.981,0.692108
1967,0.697366
1967.019,0.702624
1967.038,0.707883
1967.058,0.713141
1967.077,0.716683
1967.096,0.720188
1967.115,0.723692
1967.135,0.727196
1967.154,0.730728
1967.173,0.734308
1967.192,0.737888
1967.212,0.741469
1967.231,0.745049
1967.25,0.747509
1967.269,0.749549
1967.288,0.751589
1967.308,0.75363
1967.327,0.755411
1967.346,0.754834
1967.365,0.748267
1967.385,0.741307
1967.404,0.733539
1967.423,0.726848
1967.442,0.719095
1967.462,0.718061
1967.481,0.723069
1967.5,0.727671
1967.519,0.732054
1967.538,0.737603
1967.558,0.739739
1967.577,0.745702
1967.596,0.743662
1967.615,0.751269
1967.635,0.760449
1967.654,0.768963
1967.673,0.783891
1967.692,0.797081
1967.712,0.810032
1967.731,0.81685
1967.75,0.808186
1967.769,0.756125
1967.788,0.728955
1967.808,0.72481
1967.827,0.711188
1967.846,0.707765
1967.865,0.734415
1967.885,0.779446
1967.904,0.840577
1967.923,0.865619
1967.942,0.866901
1967.962,0.85409
1967.981,0.836259
1968,0.832884
1968.019,0.844675
1968.038,0.854236
1968.058,0.885754
1968.077,0.920252
1968.096,0.912534
1968.115,0.908846
1968.135,0.905965
1968.154,0.897726
1968.173,0.87944
1968.192,0.859202
1968.212,0.842477
1968.231,0.837962
1968.25,0.835986
1968.269,0.834364
1968.288,0.831259
1968.308,0.826107
1968.327,0.818866
1968.346,0.812829
1968.365,0.810652
1968.385,0.811668
1968.404,0.814827
1968.423,0.815957
1968.442,0.814953
1968.462,0.809867
1968.481,0.807151
1968.5,0.804582
1968.519,0.800629
1968.538,0.790752
1968.558,0.782566
1968.577,0.778478
1968.596,0.773645
1968.615,0.767913
1968.635,0.761059
1968.654,0.747916
1968.673,0.739252
1968.692,0.734525
1968.712,0.734964
1968.731,0.7412
1968.75,0.74869
1968.769,0.75102
1968.789,0.753615
1968.808,0.755497
1968.827,0.755666
1968.846,0.759351
1968.865,0.76143
1968.885,0.760408
1968.904,0.762829
1968.923,0.763266
1968.942,0.761585
1968.962,0.75971
1968.981,0.75771
1969,0.755577
1969.019,0.75317
1969.039,0.752775
1969.058,0.755482
1969.077,0.765196
1969.096,0.772413
1969.115,0.779846
1969.135,0.789114
1969.154,0.794153
1969.173,0.796045
1969.192,0.794491
1969.212,0.790718
1969.231,0.785497
1969.25,0.783364
1969.269,0.782076
1969.289,0.773505
1969.308,0.764255
1969.327,0.752569
1969.346,0.74288
1969.365,0.737341
1969.385,0.733077
1969.404,0.730062
1969.423,0.727937
1969.442,0.726221
1969.462,0.724924
1969.481,0.723651
1969.5,0.721513
1969.519,0.719454
1969.539,0.717667
1969.558,0.717353
1969.577,0.719201
1969.596,0.720477
1969.615,0.72135
1969.635,0.724584
1969.654,0.728544
1969.673,0.731862
1969.692,0.734992
1969.712,0.73707
1969.731,0.737927
1969.75,0.736006
1969.769,0.735128
1969.789,0.735357
1969.808,0.734687
1969.827,0.733562
1969.846,0.740988
1969.865,0.749982
1969.885,0.758949
1969.904,0.768046
1969.923,0.777641
1969.942,0.787506
1969.962,0.7978
1969.981,0.807269
1970,0.816105
1970.019,0.82759
1970.039,0.839983
1970.058,0.843302
1970.077,0.845148
1970.096,0.840696
1970.115,0.83157
1970.135,0.822926
1970.154,0.815961
1970.173,0.810341
1970.192,0.80197
1970.212,0.793936
1970.231,0.789433
1970.25,0.787747
1970.269,0.785189
1970.289,0.785236
1970.308,0.782539
1970.327,0.7778
1970.346,0.771517
1970.365,0.763882
1970.385,0.761581
1970.404,0.763567
1970.423,0.763269
1970.442,0.757765
1970.462,0.754963
1970.481,0.753209
1970.5,0.751945
1970.519,0.748412
1970.539,0.741008
1970.558,0.7373
1970.577,0.728753
1970.596,0.718517
1970.615,0.708268
1970.635,0.699508
1970.654,0.69573
1970.673,0.694612
1970.692,0.694204
1970.712,0.69444
1970.731,0.696487
1970.75,0.695772
1970.769,0.694978
1970.789,0.692806
1970.808,0.687766
1970.827,0.677576
1970.846,0.672725
1970.865,0.677736
1970.885,0.689029
1970.904,0.703714
1970.923,0.722661
1970.942,0.736133
1970.962,0.750005
1970.981,0.764292
1971,0.778642
1971.019,0.796395
1971.039,0.809812
1971.058,0.822356
1971.077,0.835909
1971.096,0.85233
1971.115,0.8798
1971.135,0.907742
1971.154,0.930387
1971.173,0.948097
1971.192,0.965584
1971.212,0.981847
1971.231,0.994616
1971.25,1.000666
1971.269,0.999297
1971.289,0.992593
1971.308,0.983749
1971.327,0.972193
1971.346,0.960954
1971.365,0.951968
1971.385,0.937261
1971.404,0.923313
1971.423,0.911059
1971.442,0.901046
1971.462,0.893635
1971.481,0.882379
1971.5,0.863099
1971.519,0.842615
1971.539,0.825195
1971.558,0.810967
1971.577,0.79165
1971.596,0.774036
1971.615,0.760574
1971.635,0.752107
1971.654,0.740775
1971.673,0.734233
1971.692,0.728852
1971.712,0.724691
1971.731,0.724844
1971.75,0.731514
1971.769,0.739562
1971.789,0.750073
1971.808,0.7631
1971.827,0.774519
1971.846,0.785886
1971.865,0.799391
1971.885,0.812867
1971.904,0.822782
1971.923,0.829879
1971.942,0.842778
1971.962,0.857199
1971.981,0.870093
1972,0.87843
1972.019,0.880192
1972.039,0.88304
1972.058,0.887846
1972.077,0.893769
1972.096,0.893193
1972.115,0.889608
1972.135,0.883671
1972.154,0.874405
1972.173,0.862067
1972.192,0.848073
1972.212,0.838121
1972.231,0.826245
1972.25,0.813068
1972.269,0.800212
1972.289,0.779894
1972.308,0.754648
1972.327,0.734925
1972.346,0.719033
1972.365,0.706388
1972.385,0.699058
1972.404,0.69172
1972.423,0.684341
1972.442,0.676485
1972.462,0.673569
1972.481,0.67424
1972.5,0.671233
1972.519,0.668951
1972.539,0.666868
1972.558,0.658385
1972.577,0.648045
1972.596,0.636608
1972.615,0.634607
1972.635,0.63208
1972.654,0.629237
1972.673,0.629567
1972.692,0.630508
1972.712,0.632098
1972.731,0.637176
1972.75,0.644055
1972.769,0.65255
1972.789,0.661733
1972.808,0.667621
1972.827,0.670721
1972.846,0.682464
1972.865,0.69658
1972.885,0.712947
1972.904,0.734192
1972.923,0.75445
1972.942,0.773767
1972.962,0.795675
1972.981,0.814429
1973,0.830066
1973.019,0.835142
1973.039,0.83761
1973.058,0.837441
1973.077,0.832009
1973.096,0.821323
1973.115,0.815191
1973.135,0.813545
1973.154,0.811787
1973.173,0.809917
1973.192,0.807677
1973.212,0.805075
1973.231,0.804706
1973.25,0.8065
1973.269,0.808081
1973.289,0.809459
1973.308,0.810777
1973.327,0.812038
1973.346,0.813252
1973.365,0.814422
1973.385,0.815817
1973.404,0.817424
1973.423,0.818682
1973.442,0.819617
1973.462,0.823758
1973.481,0.830835
1973.5,0.833151
1973.519,0.830968
1973.539,0.825898
1973.558,0.815242
1973.577,0.800732
1973.596,0.78562
1973.615,0.770893
1973.635,0.756749
1973.654,0.74407
1973.673,0.736451
1973.692,0.729503
1973.712,0.719978
1973.731,0.721159
1973.75,0.723953
1973.769,0.725608
1973.789,0.726408
1973.808,0.728567
1973.827,0.732609
1973.846,0.734473
1973.865,0.735974
1973.885,0.737651
1973.904,0.748623
1973.923,0.765098
1973.942,0.784671
1973.962,0.798799
1973.981,0.816021
1974,0.836648
1974.019,0.86474
1974.039,0.893478
1974.058,0.921332
1974.077,0.946247
1974.096,0.969232
1974.115,0.988086
1974.135,1.000019
1974.154,1.009664
1974.173,1.014606
1974.192,1.013591
1974.212,1.007358
1974.231,0.997074
1974.25,0.982571
1974.269,0.9697
1974.289,0.954199
1974.308,0.936776
1974.327,0.929007
1974.346,0.916339
1974.365,0.900051
1974.385,0.884537
1974.404,0.87055
1974.423,0.857212
1974.442,0.842206
1974.462,0.831367
1974.481,0.822453
1974.5,0.812914
1974.519,0.806332
1974.539,0.801632
1974.558,0.799209
1974.577,0.793305
1974.596,0.785703
1974.615,0.776541
1974.635,0.772669
1974.654,0.769601
1974.673,0.765723
1974.692,0.762296
1974.712,0.759109
1974.731,0.756191
1974.75,0.751221
1974.769,0.747594
1974.789,0.745987
1974.808,0.749433
1974.827,0.754025
1974.846,0.75964
1974.865,0.767696
1974.885,0.778646
1974.904,0.792077
1974.923,0.804417
1974.942,0.816158
1974.962,0.827421
1974.981,0.838257
1975,0.844901
1975.019,0.849524
1975.039,0.856621
1975.058,0.868736
1975.077,0.881147
1975.096,0.885553
1975.115,0.884495
1975.135,0.881392
1975.154,0.875705
1975.173,0.868936
1975.192,0.861637
1975.212,0.854091
1975.231,0.843422
1975.25,0.831137
1975.269,0.818746
1975.289,0.806294
1975.308,0.792701
1975.327,0.778387
1975.346,0.76488
1975.365,0.751932
1975.385,0.741938
1975.404,0.734191
1975.423,0.72566
1975.442,0.716477
1975.462,0.709792
1975.481,0.705392
1975.5,0.70118
1975.519,0.697157
1975.539,0.694191
1975.558,0.692387
1975.577,0.691071
1975.596,0.690343
1975.615,0.693046
1975.635,0.700276
1975.654,0.707977
1975.673,0.716359
1975.692,0.723465
1975.712,0.728536
1975.731,0.737869
1975.75,0.754691
1975.769,0.771533
1975.789,0.788414
1975.808,0.807835
1975.827,0.832724
1975.846,0.856251
1975.865,0.87651
1975.885,0.8972
1975.904,0.919047
1975.923,0.940729
1975.942,0.961914
1975.962,0.982292
1975.981,0.999909
1976,1.0156
1976.019,1.023738
1976.039,1.030951
1976.058,1.033965
1976.077,1.036044
1976.096,1.033132
1976.115,1.029596
1976.135,1.022055
1976.154,1.014227
1976.173,1.004115
1976.192,0.993071
1976.212,0.972519
1976.231,0.951715
1976.25,0.927369
1976.269,0.902919
1976.289,0.876154
1976.308,0.849499
1976.327,0.828028
1976.346,0.806557
1976.365,0.789125
1976.385,0.771702
1976.404,0.757403
1976.423,0.743183
1976.442,0.73301
1976.462,0.723039
1976.481,0.71519
1976.5,0.707501
1976.519,0.704837
1976.539,0.702688
1976.558,0.703475
1976.577,0.704646
1976.596,0.711252
1976.615,0.718734
1976.635,0.724034
1976.654,0.728914
1976.673,0.734058
1976.692,0.739263
1976.712,0.745497
1976.731,0.752
1976.75,0.761282
1976.769,0.771393
1976.789,0.777516
1976.808,0.78229
1976.827,0.789286
1976.846,0.797126
1976.865,0.803551
1976.885,0.809374
1976.904,0.816241
1976.923,0.823602
1976.942,0.832012
1976.962,0.840972
1976.981,0.848914
1977,0.856267
1977.019,0.86156
1977.039,0.865539
1977.058,0.871528
1977.077,0.878926
1977.096,0.88567
1977.115,0.89191
1977.135,0.902004
1977.154,0.915353
1977.173,0.928945
1977.192,0.942761
1977.212,0.952967
1977.231,0.959513
1977.25,0.961353
1977.269,0.957964
1977.289,0.954576
1977.308,0.949291
1977.327,0.943421
1977.346,0.937108
1977.365,0.922372
1977.385,0.907636
1977.404,0.892011
1977.423,0.874669
1977.442,0.857328
1977.462,0.843324
1977.481,0.831267
1977.5,0.81921
1977.519,0.80732
1977.539,0.795444
1977.558,0.785546
1977.577,0.783172
1977.596,0.780798
1977.615,0.781279
1977.635,0.784627
1977.654,0.787974
1977.673,0.790862
1977.692,0.793626
1977.712,0.796596
1977.731,0.80191
1977.75,0.807223
1977.769,0.814767
1977.789,0.826172
1977.808,0.837578
1977.827,0.849386
1977.846,0.861405
1977.865,0.873423
1977.885,0.879832
1977.904,0.885932
1977.923,0.891324
1977.942,0.894455
1977.962,0.897587
1977.981,0.900755
1978,0.903956
1978.019,0.907157
1978.039,0.908511
1978.058,0.909445
1978.077,0.909886
1978.096,0.90616
1978.115,0.902434
1978.135,0.901815
1978.154,0.901749
1978.173,0.899627
1978.192,0.896057
1978.212,0.893723
1978.231,0.893897
1978.25,0.894181
1978.269,0.895855
1978.289,0.897529
1978.308,0.895369
1978.327,0.892317
1978.346,0.890229
1978.365,0.888914
1978.385,0.88714
1978.404,0.88428
1978.423,0.881371
1978.442,0.877149
1978.462,0.872927
1978.481,0.867549
1978.5,0.861843
1978.519,0.856296
1978.539,0.850893
1978.558,0.843662
1978.577,0.831235
1978.596,0.818834
1978.615,0.814221
1978.635,0.809608
1978.654,0.805741
1978.673,0.802133
1978.692,0.799512
1978.712,0.79794
1978.731,0.797886
1978.75,0.802978
1978.769,0.80807
1978.789,0.818107
1978.808,0.82832
1978.827,0.838059
1978.846,0.847604
1978.865,0.858398
1978.885,0.870707
1978.904,0.882992
1978.923,0.895178
1978.942,0.907364
1978.962,0.913162
1978.981,0.918504
1979,0.922393
1979.019,0.925588
1979.039,0.927513
1979.058,0.927646
1979.077,0.927038
1979.096,0.922473
1979.115,0.917908
1979.135,0.913862
1979.154,0.910524
1979.173,0.907186
1979.192,0.901455
1979.212,0.894609
1979.231,0.887764
1979.25,0.879121
1979.269,0.870377
1979.289,0.862217
1979.308,0.856228
1979.327,0.850239
1979.346,0.845539
1979.365,0.842284
1979.385,0.839028
1979.404,0.833928
1979.423,0.828167
1979.442,0.822407
1979.462,0.817463
1979.481,0.812519
1979.5,0.807606
1979.519,0.802782
1979.539,0.797958
1979.558,0.793519
1979.577,0.789427
1979.596,0.785336
1979.615,0.782572
1979.635,0.78016
1979.654,0.778145
1979.673,0.782944
1979.692,0.787743
1979.712,0.793469
1979.731,0.801216
1979.75,0.808962
1979.769,0.815822
1979.789,0.822038
1979.808,0.828253
1979.827,0.832458
1979.846,0.836292
1979.865,0.840321
1979.885,0.846034
1979.904,0.851747
1979.923,0.857365
1979.942,0.862818
1979.962,0.868272
1979.981,0.871555
1980,0.873582
1980.019,0.87561
1980.039,0.87659
1980.058,0.877444
1980.077,0.877977
1980.096,0.876795
1980.115,0.87586
1980.135,0.875433
1980.154,0.874408
1980.173,0.87278
1980.192,0.869853
1980.212,0.866277
1980.231,0.85907
1980.25,0.85115
1980.269,0.842872
1980.289,0.835227
1980.308,0.830558
1980.327,0.824665
1980.346,0.816449
1980.365,0.806501
1980.385,0.794953
1980.404,0.786077
1980.423,0.778403
1980.442,0.771236
1980.462,0.764215
1980.481,0.759328
1980.5,0.754136
1980.519,0.747709
1980.539,0.739867
1980.558,0.729596
1980.577,0.724283
1980.596,0.723236
1980.615,0.71588
1980.635,0.70591
1980.654,0.700304
1980.673,0.69513
1980.692,0.686224
1980.712,0.679193
1980.731,0.678972
1980.75,0.679138
1980.769,0.679922
1980.789,0.686632
1980.808,0.698091
1980.827,0.70892
1980.846,0.719512
1980.865,0.727542
1980.885,0.735644
1980.904,0.749211
1980.923,0.763149
1980.942,0.778271
1980.962,0.792514
1980.981,0.805484
1981,0.818653
1981.019,0.831967
1981.039,0.843545
1981.058,0.854537
1981.077,0.865188
1981.096,0.875513
1981.115,0.882728
1981.135,0.889579
1981.154,0.895372
1981.173,0.897566
1981.192,0.894907
1981.212,0.891579
1981.231,0.884876
1981.25,0.87401
1981.269,0.852932
1981.289,0.835495
1981.308,0.820516
1981.327,0.807947
1981.346,0.798694
1981.365,0.790696
1981.385,0.783523
1981.404,0.771036
1981.423,0.758774
1981.442,0.747657
1981.462,0.744184
1981.481,0.73672
1981.5,0.728522
1981.519,0.725217
1981.539,0.723832
1981.558,0.724547
1981.577,0.728192
1981.596,0.733478
1981.615,0.73978
1981.635,0.747294
1981.654,0.760327
1981.673,0.770339
1981.692,0.778384
1981.712,0.786162
1981.731,0.791055
1981.75,0.796464
1981.769,0.805142
1981.789,0.815858
1981.808,0.824966
1981.827,0.831681
1981.846,0.833723
1981.865,0.834244
1981.885,0.83383
1981.904,0.834492
1981.923,0.837738
1981.942,0.840987
1981.962,0.841517
1981.981,0.841302
1982,0.841524
1982.019,0.842589
1982.039,0.842894
1982.058,0.843953
1982.077,0.845096
1982.096,0.841432
1982.115,0.837328
1982.135,0.83262
1982.154,0.828795
1982.173,0.825078
1982.192,0.817552
1982.212,0.808727
1982.231,0.797658
1982.25,0.785992
1982.269,0.774063
1982.289,0.765688
1982.308,0.75739
1982.327,0.749259
1982.346,0.742291
1982.365,0.735997
1982.385,0.735647
1982.404,0.734308
1982.423,0.729292
1982.442,0.724989
1982.462,0.721204
1982.481,0.717161
1982.5,0.713382
1982.519,0.710715
1982.539,0.706227
1982.558,0.70012
1982.577,0.697135
1982.596,0.695856
1982.615,0.700521
1982.635,0.704841
1982.654,0.70878
1982.673,0.714169
1982.692,0.720125
1982.712,0.727633
1982.731,0.73496
1982.75,0.742037
1982.769,0.744792
1982.789,0.745977
1982.808,0.74687
1982.827,0.747272
1982.846,0.746844
1982.865,0.746401
1982.885,0.745966
1982.904,0.753828
1982.923,0.761153
1982.942,0.767317
1982.962,0.774707
1982.981,0.782809
1983,0.786843
1983.019,0.79335
1983.039,0.80744
1983.058,0.819865
1983.077,0.831073
1983.096,0.842697
1983.115,0.853726
1983.135,0.862371
1983.154,0.869703
1983.173,0.875863
1983.192,0.880138
1983.212,0.884086
1983.231,0.888148
1983.25,0.887765
1983.269,0.880466
1983.289,0.867779
1983.308,0.864582
1983.327,0.862106
1983.346,0.856768
1983.365,0.845141
1983.385,0.827698
1983.404,0.815985
1983.423,0.791657
1983.442,0.760534
1983.462,0.726036
1983.481,0.692974
1983.5,0.667351
1983.519,0.657881
1983.539,0.645597
1983.558,0.641218
1983.577,0.641892
1983.596,0.643096
1983.615,0.6459
1983.635,0.65599
1983.654,0.666569
1983.673,0.677022
1983.692,0.682782
1983.712,0.679599
1983.731,0.682865
1983.75,0.689937
1983.769,0.689706
1983.789,0.689101
1983.808,0.69216
1983.827,0.692109
1983.846,0.692372
1983.865,0.697772
1983.885,0.701263
1983.904,0.702878
1983.923,0.705748
1983.942,0.708968
1983.962,0.715354
1983.981,0.720571
1984,0.722012
1984.019,0.719996
1984.039,0.718321
1984.058,0.717681
1984.077,0.717077
1984.096,0.717692
1984.115,0.718308
1984.135,0.716775
1984.154,0.714714
1984.173,0.714342
1984.192,0.715208
1984.212,0.715323
1984.231,0.714084
1984.25,0.712811
1984.269,0.711317
1984.289,0.709823
1984.308,0.708142
1984.327,0.706442
1984.346,0.701315
1984.365,0.694575
1984.385,0.688985
1984.404,0.684749
1984.423,0.680482
1984.442,0.676109
1984.462,0.671756
1984.481,0.669862
1984.5,0.667967
1984.519,0.664556
1984.539,0.660736
1984.558,0.658335
1984.577,0.657038
1984.596,0.656546
1984.615,0.65764
1984.635,0.658727
1984.654,0.659755
1984.673,0.660783
1984.692,0.66245
1984.712,0.664195
1984.731,0.666537
1984.75,0.66918
1984.769,0.671062
1984.789,0.671994
1984.808,0.6731
1984.827,0.674821
1984.846,0.676542
1984.865,0.678594
1984.885,0.680649
1984.904,0.687483
1984.923,0.695763
1984.942,0.704358
1984.962,0.713214
1984.981,0.722417
1985,0.732351
1985.019,0.742744
1985.039,0.757455
1985.058,0.772166
1985.077,0.778937
1985.096,0.784584
1985.115,0.785861
1985.135,0.766601
1985.154,0.723905
1985.173,0.690504
1985.192,0.691447
1985.212,0.691371
1985.231,0.69364
1985.25,0.69866
1985.269,0.708882
1985.289,0.716608
1985.308,0.722188
1985.327,0.712
1985.346,0.702193
1985.365,0.702864
1985.385,0.712995
1985.404,0.722707
1985.423,0.713056
1985.442,0.696291
1985.462,0.693794
1985.481,0.68992
1985.5,0.691769
1985.519,0.688044
1985.539,0.682404
1985.558,0.683645
1985.577,0.683462
1985.596,0.668718
1985.615,0.650492
1985.635,0.624234
1985.654,0.614331
1985.673,0.612242
1985.692,0.628144
1985.712,0.660913
1985.731,0.683581
1985.75,0.683357
1985.769,0.675453
1985.789,0.672488
1985.808,0.660793
1985.827,0.651285
1985.846,0.640803
1985.865,0.638924
1985.885,0.65199
1985.904,0.667736
1985.923,0.695738
1985.942,0.7181
1985.962,0.734868
1985.981,0.749769
1986,0.758395
1986.019,0.757056
1986.039,0.755717
1986.058,0.752851
1986.077,0.749517
1986.096,0.745971
1986.115,0.738847
1986.135,0.731724
1986.154,0.724559
1986.173,0.717319
1986.192,0.710079
1986.212,0.702246
1986.231,0.694084
1986.25,0.685922
1986.269,0.676943
1986.289,0.667905
1986.308,0.659492
1986.327,0.653238
1986.346,0.646983
1986.365,0.642889
1986.385,0.640829
1986.404,0.638769
1986.423,0.639868
1986.442,0.641727
1986.462,0.643985
1986.481,0.649975
1986.5,0.655965
1986.519,0.661103
1986.539,0.664926
1986.558,0.668749
1986.577,0.671678
1986.596,0.674193
1986.615,0.676708
1986.635,0.679961
1986.654,0.683234
1986.673,0.686296
1986.692,0.688777
1986.712,0.691258
1986.731,0.693044
1986.75,0.694275
1986.769,0.695506
1986.789,0.699146
1986.808,0.703222
1986.827,0.707206
1986.846,0.710642
1986.865,0.714078
1986.885,0.719166
1986.904,0.726412
1986.923,0.733658
1986.942,0.740868
1986.962,0.748064
1986.981,0.755203
1987,0.758631
1987.019,0.76206
1987.039,0.76561
1987.058,0.769435
1987.077,0.77326
1987.096,0.777614
1987.115,0.782325
1987.135,0.787036
1987.154,0.792114
1987.173,0.797236
1987.192,0.80183
1987.212,0.804078
1987.231,0.806326
1987.25,0.798809
1987.269,0.789003
1987.289,0.764841
1987.308,0.732517
1987.327,0.702384
1987.346,0.688363
1987.365,0.669753
1987.385,0.659697
1987.404,0.652996
1987.423,0.639831
1987.442,0.6266
1987.462,0.608358
1987.481,0.603656
1987.5,0.594431
1987.519,0.58332
1987.539,0.596282
1987.558,0.614474
1987.577,0.634382
1987.596,0.644095
1987.615,0.648079
1987.635,0.638966
1987.654,0.633097
1987.673,0.623125
1987.692,0.615833
1987.712,0.616416
1987.731,0.622774
1987.75,0.629014
1987.769,0.632513
1987.789,0.63866
1987.808,0.633288
1987.827,0.636708
1987.846,0.637006
1987.865,0.629213
1987.885,0.625698
1987.904,0.629923
1987.923,0.648216
1987.942,0.657962
1987.962,0.654047
1987.981,0.652594
1988,0.641577
1988.019,0.624158
1988.039,0.627922
1988.058,0.64334
1988.077,0.658828
1988.096,0.659911
1988.115,0.656812
1988.135,0.667494
1988.154,0.705978
1988.173,0.742331
1988.192,0.768377
1988.212,0.755004
1988.231,0.724387
1988.25,0.706596
1988.269,0.711683
1988.289,0.732281
1988.308,0.764851
1988.327,0.787726
1988.346,0.7899
1988.365,0.786908
1988.385,0.780746
1988.404,0.767123
1988.423,0.74286
1988.442,0.722746
1988.462,0.706659
1988.481,0.692617
1988.5,0.681761
1988.519,0.672165
1988.539,0.666768
1988.558,0.666266
1988.577,0.670002
1988.596,0.674846
1988.615,0.688282
1988.635,0.703711
1988.654,0.716595
1988.673,0.729677
1988.692,0.741191
1988.712,0.748535
1988.731,0.752252
1988.75,0.754072
1988.769,0.754282
1988.789,0.743096
1988.808,0.732069
1988.827,0.725522
1988.846,0.718787
1988.865,0.713414
1988.885,0.710473
1988.904,0.709773
1988.923,0.711645
1988.942,0.723502
1988.962,0.739163
1988.981,0.759305
1989,0.777934
1989.019,0.782459
1989.039,0.787401
1989.058,0.791545
1989.077,0.797923
1989.096,0.8058
1989.115,0.800695
1989.135,0.799891
1989.154,0.799472
1989.173,0.801333
1989.192,0.808797
1989.212,0.814727
1989.231,0.819998
1989.25,0.822344
1989.269,0.821692
1989.289,0.820544
1989.308,0.818152
1989.327,0.815661
1989.346,0.812294
1989.365,0.808928
1989.385,0.804387
1989.404,0.799734
1989.423,0.790344
1989.442,0.779187
1989.462,0.767781
1989.481,0.756163
1989.5,0.744744
1989.519,0.733686
1989.539,0.723021
1989.558,0.714331
1989.577,0.705641
1989.596,0.697889
1989.615,0.690154
1989.635,0.679041
1989.654,0.667044
1989.673,0.660472
1989.692,0.657465
1989.712,0.6553
1989.731,0.654301
1989.75,0.654909
1989.769,0.660892
1989.789,0.66695
1989.808,0.674542
1989.827,0.682133
1989.846,0.691533
1989.865,0.701235
1989.885,0.710189
1989.904,0.71878
1989.923,0.726892
1989.942,0.734492
1989.962,0.741541
1989.981,0.747301
1990,0.751466
1990.019,0.74488
1990.039,0.739081
1990.058,0.722944
1990.077,0.714903
1990.096,0.709834
1990.115,0.699664
1990.135,0.690876
1990.154,0.686584
1990.173,0.680314
1990.192,0.687476
1990.212,0.691875
1990.231,0.697608
1990.25,0.711761
1990.269,0.73328
1990.289,0.749302
1990.308,0.761167
1990.327,0.765216
1990.346,0.76472
1990.365,0.765123
1990.385,0.761359
1990.404,0.753904
1990.423,0.748891
1990.442,0.747335
1990.462,0.749299
1990.481,0.748511
1990.5,0.732979
1990.519,0.717988
1990.539,0.714455
1990.558,0.695084
1990.577,0.671165
1990.596,0.660848
1990.615,0.655841
1990.635,0.650713
1990.654,0.648012
1990.673,0.647659
1990.692,0.644052
1990.712,0.646046
1990.731,0.635881
1990.75,0.6141
1990.769,0.603869
1990.789,0.602463
1990.808,0.616205
1990.827,0.645341
1990.846,0.67893
1990.865,0.711867
1990.885,0.760168
1990.904,0.799655
1990.923,0.819972
1990.942,0.83014
1990.962,0.834698
1990.981,0.837085
1991,0.83542
1991.019,0.82976
1991.039,0.826675
1991.058,0.827289
1991.077,0.82571
1991.096,0.819986
1991.115,0.812363
1991.135,0.799894
1991.154,0.788364
1991.173,0.780323
1991.192,0.772725
1991.212,0.767687
1991.231,0.762859
1991.25,0.760353
1991.269,0.757886
1991.289,0.757409
1991.308,0.756933
1991.327,0.756911
1991.346,0.75691
1991.365,0.75785
1991.385,0.758907
1991.404,0.761409
1991.423,0.764215
1991.442,0.767317
1991.462,0.770514
1991.481,0.768159
1991.5,0.763329
1991.519,0.759458
1991.539,0.756155
1991.558,0.752227
1991.577,0.747813
1991.596,0.743135
1991.615,0.738189
1991.635,0.73539
1991.654,0.73539
1991.673,0.736665
1991.692,0.740114
1991.712,0.745057
1991.731,0.75349
1991.75,0.76224
1991.769,0.772019
1991.789,0.780836
1991.808,0.784991
1991.827,0.788342
1991.846,0.784962
1991.865,0.781582
1991.885,0.777761
1991.904,0.773802
1991.923,0.769742
1991.942,0.765537
1991.962,0.76132
1991.981,0.756917
1992,0.752514
1992.019,0.749067
1992.039,0.745992
1992.058,0.741629
1992.077,0.735127
1992.096,0.728593
1992.115,0.720821
1992.135,0.713048
1992.154,0.704978
1992.173,0.696768
1992.192,0.688604
1992.212,0.680531
1992.231,0.672458
1992.25,0.667515
1992.269,0.662604
1992.289,0.659747
1992.308,0.658047
1992.327,0.656116
1992.346,0.65363
1992.365,0.651143
1992.385,0.649558
1992.404,0.648022
1992.423,0.648678
1992.442,0.650773
1992.462,0.653144
1992.481,0.656326
1992.5,0.659507
1992.519,0.668695
1992.539,0.67849
1992.558,0.686229
1992.577,0.692373
1992.596,0.699501
1992.615,0.710171
1992.635,0.72084
1992.654,0.734149
1992.673,0.747862
1992.692,0.762447
1992.712,0.777827
1992.731,0.792476
1992.75,0.803716
1992.769,0.814957
1992.789,0.824792
1992.808,0.834342
1992.827,0.843675
1992.846,0.852772
1992.865,0.860831
1992.885,0.862299
1992.904,0.863767
1992.923,0.859967
1992.942,0.854775
1992.962,0.848768
1992.981,0.841078
1993,0.833388
1993.019,0.823476
1993.039,0.813191
1993.058,0.802371
1993.077,0.790721
1993.096,0.77907
1993.115,0.767418
1993.135,0.755765
1993.154,0.745349
1993.173,0.736405
1993.192,0.72746
1993.212,0.721507
1993.231,0.715578
1993.25,0.709746
1993.269,0.704003
1993.289,0.698479
1993.308,0.696577
1993.327,0.694675
1993.346,0.692712
1993.365,0.690707
1993.385,0.68901
1993.404,0.689526
1993.423,0.690042
1993.442,0.692508
1993.462,0.69599
1993.481,0.698607
1993.5,0.697476
1993.519,0.696344
1993.539,0.693029
1993.558,0.688877
1993.577,0.6841
1993.596,0.677472
1993.615,0.670844
1993.635,0.665592
1993.654,0.660709
1993.673,0.656764
1993.692,0.654784
1993.712,0.652803
1993.731,0.650073
1993.75,0.647214
1993.769,0.646195
1993.789,0.648078
1993.808,0.64996
1993.827,0.655049
1993.846,0.660423
1993.865,0.666318
1993.885,0.672841
1993.904,0.679364
1993.923,0.688282
1993.942,0.697228
1993.962,0.705048
1993.981,0.711824
1994,0.718355
1994.019,0.720601
1994.039,0.722846
1994.058,0.724188
1994.077,0.724886
1994.096,0.725221
1994.115,0.722875
1994.135,0.720528
1994.154,0.718182
1994.173,0.715461
1994.192,0.7127
1994.212,0.70994
1994.231,0.706821
1994.25,0.703546
1994.269,0.700272
1994.289,0.694748
1994.308,0.686822
1994.327,0.678896
1994.346,0.671694
1994.365,0.666397
1994.385,0.6611
1994.404,0.655676
1994.423,0.648322
1994.442,0.640967
1994.462,0.633612
1994.481,0.627936
1994.5,0.622549
1994.519,0.617162
1994.539,0.613146
1994.558,0.609903
1994.577,0.60666
1994.596,0.604182
1994.615,0.602715
1994.635,0.601248
1994.654,0.599894
1994.673,0.598947
1994.692,0.598001
1994.712,0.597076
1994.731,0.598456
1994.75,0.599836
1994.769,0.601215
1994.789,0.602765
1994.808,0.604359
1994.827,0.605953
1994.846,0.608403
1994.865,0.611454
1994.885,0.614506
1994.904,0.617722
1994.923,0.621212
1994.942,0.624703
1994.962,0.628297
1994.981,0.632419
1995,0.636541
1995.019,0.640663
1995.039,0.643052
1995.058,0.645354
1995.077,0.647655
1995.096,0.647792
1995.115,0.647182
1995.135,0.644539
1995.154,0.641137
1995.173,0.63519
1995.192,0.630189
1995.212,0.626277
1995.231,0.619729
1995.25,0.612063
1995.269,0.609313
1995.289,0.607062
1995.308,0.605766
1995.327,0.605737
1995.346,0.607427
1995.365,0.607498
1995.385,0.60674
1995.404,0.600832
1995.423,0.595701
1995.442,0.598286
1995.462,0.600518
1995.481,0.602184
1995.5,0.601846
1995.519,0.600309
1995.539,0.599531
1995.558,0.599352
1995.577,0.603227
1995.596,0.60602
1995.615,0.606737
1995.635,0.605417
1995.654,0.602654
1995.673,0.598966
1995.692,0.595145
1995.712,0.592176
1995.731,0.590723
1995.75,0.592688
1995.769,0.597447
1995.789,0.604545
1995.808,0.609831
1995.827,0.614663
1995.846,0.620998
1995.865,0.626019
1995.885,0.627421
1995.904,0.626955
1995.923,0.624646
1995.942,0.620625
1995.962,0.616022
1995.981,0.615799
1996,0.616014
1996.019,0.617557
1996.039,0.62263
1996.058,0.631715
1996.077,0.641263
1996.096,0.651003
1996.115,0.659447
1996.135,0.667069
1996.154,0.67138
1996.173,0.673387
1996.192,0.672308
1996.212,0.671229
1996.231,0.670149
1996.25,0.668729
1996.269,0.666899
1996.289,0.66507
1996.308,0.66324
1996.327,0.659935
1996.346,0.655044
1996.365,0.650152
1996.385,0.645261
1996.404,0.641139
1996.423,0.637775
1996.442,0.634411
1996.462,0.631048
1996.481,0.627629
1996.5,0.624162
1996.519,0.620694
1996.539,0.617227
1996.558,0.615507
1996.577,0.61517
1996.596,0.614833
1996.615,0.614497
1996.635,0.615229
1996.654,0.616719
1996.673,0.618208
1996.692,0.619698
1996.712,0.622581
1996.731,0.626345
1996.75,0.630109
1996.769,0.633873
1996.789,0.639064
1996.808,0.645058
1996.827,0.651051
1996.846,0.657045
1996.865,0.662405
1996.885,0.667439
1996.904,0.672474
1996.923,0.677509
1996.942,0.681129
1996.962,0.684109
1996.981,0.68709
1997,0.690071
1997.019,0.690927
1997.039,0.690941
1997.058,0.690955
1997.077,0.690968
1997.096,0.68548
1997.115,0.677441
1997.135,0.662804
1997.154,0.645201
1997.173,0.623843
1997.192,0.606183
1997.212,0.589534
1997.231,0.572972
1997.25,0.558995
1997.269,0.547754
1997.289,0.538517
1997.308,0.530992
1997.327,0.529488
1997.346,0.525893
1997.365,0.520405
1997.385,0.519759
1997.404,0.520386
1997.423,0.523065
1997.442,0.526374
1997.462,0.530158
1997.481,0.53331
1997.5,0.535376
1997.519,0.534618
1997.539,0.534128
1997.558,0.533807
1997.577,0.536184
1997.596,0.540073
1997.615,0.547081
1997.635,0.557751
1997.654,0.570259
1997.673,0.576533
1997.692,0.583159
1997.712,0.590421
1997.731,0.598347
1997.75,0.60657
1997.769,0.61509
1997.789,0.622504
1997.808,0.62826
1997.827,0.632076
1997.846,0.634957
1997.865,0.63512
1997.885,0.635386
1997.904,0.635781
1997.923,0.633786
1997.942,0.63119
1997.962,0.628836
1997.981,0.627564
1998,0.627713
1998.019,0.627369
1998.039,0.626582
1998.058,0.622243
1998.077,0.61663
1998.096,0.609055
1998.115,0.602125
1998.135,0.59541
1998.154,0.587015
1998.173,0.580173
1998.192,0.576226
1998.212,0.571902
1998.231,0.567393
1998.25,0.56706
1998.269,0.567176
1998.289,0.568199
1998.308,0.568463
1998.327,0.568282
1998.346,0.569256
1998.365,0.570669
1998.385,0.573097
1998.404,0.574827
1998.423,0.576075
1998.442,0.573294
1998.462,0.570924
1998.481,0.571339
1998.5,0.570224
1998.519,0.567849
1998.539,0.567698
1998.558,0.567499
1998.577,0.565653
1998.596,0.562701
1998.615,0.558683
1998.635,0.555626
1998.654,0.553029
1998.673,0.551916
1998.692,0.5503
1998.712,0.548118
1998.731,0.548976
1998.75,0.550519
1998.769,0.55113
1998.789,0.549783
1998.808,0.545804
1998.827,0.543738
1998.846,0.542411
1998.865,0.542353
1998.885,0.542943
1998.904,0.544554
1998.923,0.54732
1998.942,0.55054
1998.962,0.55305
1998.981,0.556048
1999,0.559957
1999.019,0.561314
1999.039,0.56141
1999.058,0.566253
1999.077,0.572739
1999.096,0.582769
1999.115,0.589474
1999.135,0.594187
1999.154,0.600689
1999.173,0.607305
1999.192,0.613955
1999.212,0.619537
1999.231,0.624366
1999.25,0.630033
1999.269,0.634849
1999.289,0.636486
1999.308,0.63711
1999.327,0.636262
1999.346,0.633975
1999.365,0.6307
1999.385,0.626446
1999.404,0.621904
1999.423,0.619889
1999.442,0.618191
1999.462,0.617781
1999.481,0.619638
1999.5,0.626359
1999.519,0.630371
1999.539,0.631708
1999.558,0.63791
1999.577,0.646368
1999.596,0.65595
1999.615,0.665568
1999.635,0.672547
1999.654,0.67932
1999.673,0.685398
1999.692,0.691578
1999.712,0.697902
1999.731,0.700436
1999.75,0.700375
1999.769,0.696919
1999.789,0.692498
1999.808,0.691881
1999.827,0.69106
1999.846,0.687957
1999.865,0.684383
1999.885,0.679822
1999.904,0.675979
1999.923,0.672843
1999.942,0.672871
1999.962,0.674327
1999.981,0.683079
2000,0.693556
2000.019,0.716157
2000.039,0.73672
2000.058,0.750621
2000.077,0.76126
2000.096,0.767285
2000.115,0.774072
2000.135,0.781366
2000.154,0.778939
2000.173,0.773763
2000.192,0.759778
2000.212,0.745166
2000.231,0.729034
2000.25,0.714499
2000.269,0.70328
2000.289,0.692586
2000.308,0.682395
2000.327,0.671589
2000.346,0.660507
2000.365,0.652173
2000.385,0.644284
2000.404,0.637315
2000.423,0.630384
2000.442,0.623576
2000.462,0.616258
2000.481,0.608237
2000.5,0.602086
2000.519,0.597153
2000.539,0.597567
2000.558,0.599439
2000.577,0.603614
2000.596,0.607923
2000.615,0.612525
2000.635,0.617862
2000.654,0.624684
2000.673,0.631878
2000.692,0.63942
2000.712,0.65107
2000.731,0.664514
2000.75,0.675229
2000.769,0.685262
2000.789,0.690489
2000.808,0.695237
2000.827,0.698516
2000.846,0.70319
2000.865,0.709742
2000.885,0.713189
2000.904,0.714666
2000.923,0.712833
2000.942,0.710129
2000.962,0.707425
2000.981,0.704721
2001,0.700177
2001.019,0.695614
2001.039,0.691051
2001.058,0.686181
2001.077,0.680036
2001.096,0.673891
2001.115,0.667745
2001.135,0.660697
2001.154,0.652256
2001.173,0.643815
2001.192,0.635373
2001.212,0.628654
2001.231,0.623121
2001.25,0.617588
2001.269,0.612055
2001.289,0.606338
2001.308,0.600573
2001.327,0.594808
2001.346,0.589044
2001.365,0.587383
2001.385,0.585743
2001.404,0.584103
2001.423,0.583112
2001.442,0.58482
2001.462,0.586527
2001.481,0.588235
2001.5,0.59126
2001.519,0.596325
2001.539,0.601389
2001.558,0.606454
2001.577,0.612716
2001.596,0.619788
2001.615,0.626861
2001.635,0.633933
2001.654,0.642897
2001.673,0.652348
2001.692,0.661799
2001.712,0.67125
2001.731,0.678743
2001.75,0.686225
2001.769,0.693707
2001.789,0.700737
2001.808,0.705878
2001.827,0.711018
2001.846,0.716159
2001.865,0.720535
2001.885,0.723748
2001.904,0.726962
2001.923,0.730176
2001.942,0.726728
2001.962,0.700337
2001.981,0.67692
2002,0.654035
2002.019,0.616407
2002.039,0.586998
2002.058,0.567389
2002.077,0.557799
2002.096,0.557271
2002.115,0.56461
2002.135,0.569483
2002.154,0.565961
2002.173,0.561837
2002.192,0.555952
2002.212,0.548397
2002.231,0.541523
2002.25,0.540068
2002.269,0.535558
2002.289,0.525524
2002.308,0.524564
2002.327,0.534683
2002.346,0.549227
2002.365,0.568931
2002.385,0.581262
2002.404,0.572079
2002.423,0.564198
2002.442,0.559427
2002.462,0.553181
2002.481,0.54965
2002.5,0.550411
2002.519,0.555159
2002.539,0.567208
2002.558,0.589265
2002.577,0.606338
2002.596,0.611861
2002.615,0.599648
2002.635,0.59205
2002.654,0.596374
2002.673,0.613451
2002.692,0.634842
2002.712,0.667002
2002.731,0.683396
2002.75,0.70136
2002.769,0.720045
2002.789,0.733844
2002.808,0.728348
2002.827,0.718655
2002.846,0.723919
2002.865,0.727273
2002.885,0.762779
2002.904,0.793701
2002.923,0.829463
2002.942,0.85194
2002.962,0.856027
2002.981,0.874697
2003,0.893473
2003.019,0.904857
2003.039,0.917137
2003.058,0.925332
2003.077,0.910159
2003.096,0.911121
2003.115,0.921982
2003.135,0.928946
2003.154,0.924511
2003.173,0.919395
2003.192,0.913539
2003.212,0.90871
2003.231,0.905457
2003.25,0.901127
2003.269,0.894455
2003.289,0.888008
2003.308,0.882323
2003.327,0.877509
2003.346,0.877652
2003.365,0.877892
2003.385,0.879434
2003.404,0.880975
2003.423,0.883367
2003.442,0.885773
2003.462,0.88495
2003.481,0.883784
2003.5,0.880122
2003.519,0.875928
2003.539,0.870188
2003.558,0.863903
2003.577,0.857134
2003.596,0.850115
2003.615,0.843514
2003.635,0.837226
2003.654,0.83247