Age,BaCa,Lumin
1968.192,0.004594,NA
1968.212,0.0038436,NA
1968.231,0.0041521,NA
1968.25,0.0040984,NA
1968.269,0.0041107,NA
1968.288,0.0044235,NA
1968.308,0.0041992,NA
1968.327,0.0040951,NA
1968.346,0.0042705,NA
1968.365,0.0038614,NA
1968.385,0.0040943,NA
1968.404,0.0040135,NA
1968.423,0.0039945,NA
1968.442,0.0043566,NA
1968.462,0.003919,NA
1968.481,0.0043317,NA
1968.5,0.0043467,NA
1968.519,0.0045787,NA
1968.538,0.0039229,NA
1968.558,0.0041152,NA
1968.577,0.0042297,NA
1968.596,0.0043105,NA
1968.615,0.0042945,NA
1968.635,0.0042196,NA
1968.654,0.0040913,NA
1968.673,0.0042384,NA
1968.692,0.004347,NA
1968.712,0.0042934,NA
1968.731,0.0043541,NA
1968.75,0.0043312,NA
1968.769,0.0042251,NA
1968.788,0.0044297,NA
1968.808,0.0044516,NA
1968.827,0.0043708,NA
1968.846,0.0043979,NA
1968.865,0.0043735,NA
1968.885,0.0043301,NA
1968.904,0.004293,NA
1968.923,0.0039454,NA
1968.942,0.0038074,NA
1968.962,0.0041275,NA
1968.981,0.004154,NA
1969,0.0042169,NA
1969.019,0.0043196,NA
1969.038,0.0039586,NA
1969.058,0.0038793,NA
1969.077,0.0040251,NA
1969.096,0.0043736,NA
1969.115,0.0044317,NA
1969.135,0.004415,NA
1969.154,0.0045242,NA
1969.173,0.0041831,NA
1969.192,0.0039439,NA
1969.212,0.0040345,NA
1969.231,0.0041472,NA
1969.25,0.0042446,NA
1969.269,0.0043131,NA
1969.288,0.0041498,NA
1969.308,0.0040764,NA
1969.327,0.0040296,NA
1969.346,0.0037973,NA
1969.365,0.0037743,NA
1969.385,0.0037939,NA
1969.404,0.0036912,NA
1969.423,0.0039157,NA
1969.442,0.0042776,NA
1969.462,0.0047497,NA
1969.481,0.0047001,NA
1969.5,0.0046262,NA
1969.519,0.0045494,NA
1969.538,0.0040884,NA
1969.558,0.0038408,NA
1969.577,0.0037472,NA
1969.596,0.0037167,NA
1969.615,0.0036606,NA
1969.635,0.0035695,NA
1969.654,0.003449,NA
1969.673,0.0033151,NA
1969.692,0.0036373,NA
1969.712,0.0038414,NA
1969.731,0.0035548,NA
1969.75,0.0034159,NA
1969.769,0.0034334,NA
1969.788,0.0036612,NA
1969.808,0.0039507,NA
1969.827,0.0039407,NA
1969.846,0.0039575,NA
1969.865,0.0040408,NA
1969.885,0.0039709,NA
1969.904,0.0037774,NA
1969.923,0.0037877,NA
1969.942,0.0038352,NA
1969.962,0.0038103,NA
1969.981,0.0037755,NA
1970,0.0037229,NA
1970.019,0.0037751,NA
1970.038,0.003891,NA
1970.058,0.0039003,NA
1970.077,0.003889,NA
1970.096,0.0038408,NA
1970.115,0.0037998,NA
1970.135,0.0037689,NA
1970.154,0.0037368,NA
1970.173,0.0037043,NA
1970.192,0.0035616,NA
1970.212,0.0034677,NA
1970.231,0.0035633,NA
1970.25,0.0035727,NA
1970.269,0.0034908,NA
1970.288,0.0036459,NA
1970.308,0.0038767,NA
1970.327,0.0040369,NA
1970.346,0.0041581,NA
1970.365,0.0041815,NA
1970.385,0.0041767,NA
1970.404,0.0041494,NA
1970.423,0.0042065,NA
1970.442,0.0042411,NA
1970.462,0.0038404,NA
1970.481,0.0036081,NA
1970.5,0.003683,NA
1970.519,0.0037038,NA
1970.538,0.0036917,NA
1970.558,0.0038448,NA
1970.577,0.0040022,NA
1970.596,0.0040713,NA
1970.615,0.0043291,NA
1970.635,0.0041201,NA
1970.654,0.0035816,NA
1970.673,0.0037317,NA
1970.692,0.0040453,NA
1970.712,0.0040407,NA
1970.731,0.0040005,NA
1970.75,0.0040017,NA
1970.769,0.0039834,NA
1970.788,0.0040986,NA
1970.808,0.0038314,NA
1970.827,0.0038549,NA
1970.846,0.0038489,NA
1970.865,0.004081,NA
1970.885,0.0044055,NA
1970.904,0.0040792,NA
1970.923,0.0038498,NA
1970.942,0.0041586,NA
1970.962,0.0040334,NA
1970.981,0.0039298,NA
1971,0.0039765,NA
1971.019,0.003989,NA
1971.038,0.0038124,NA
1971.058,0.0036834,NA
1971.077,0.0039504,NA
1971.096,0.0036659,NA
1971.115,0.0036464,NA
1971.135,0.0034874,NA
1971.154,0.003522,NA
1971.173,0.0033722,NA
1971.192,0.0034286,NA
1971.212,0.003761,NA
1971.231,0.0040507,NA
1971.25,0.0045419,NA
1971.269,0.0045592,NA
1971.288,0.0046463,NA
1971.308,0.0045171,NA
1971.327,0.0044695,NA
1971.346,0.0043334,NA
1971.365,0.0040382,NA
1971.385,0.0038332,NA
1971.404,0.004033,NA
1971.423,0.0044824,NA
1971.442,0.0044711,NA
1971.462,0.0036392,NA
1971.481,0.0033396,NA
1971.5,0.0034883,NA
1971.519,0.0036948,NA
1971.538,0.0037956,NA
1971.558,0.0039725,NA
1971.577,0.0043598,NA
1971.596,0.0042078,NA
1971.615,0.0040615,NA
1971.635,0.0039859,NA
1971.654,0.0039103,NA
1971.673,0.0038088,NA
1971.692,0.0037071,NA
1971.712,0.0036087,NA
1971.731,0.0035107,NA
1971.75,0.0035157,NA
1971.769,0.0035413,NA
1971.788,0.0036752,NA
1971.808,0.0038444,NA
1971.827,0.0038518,NA
1971.846,0.0037809,NA
1971.865,0.0037255,NA
1971.885,0.0036807,NA
1971.904,0.0037079,NA
1971.923,0.0038033,NA
1971.942,0.0039109,NA
1971.962,0.0040345,NA
1971.981,0.0040391,NA
1972,0.0038267,NA
1972.019,0.0036721,NA
1972.038,0.0036709,NA
1972.058,0.0036656,NA
1972.077,0.0036435,NA
1972.096,0.0036434,NA
1972.115,0.003814,NA
1972.135,0.0039754,NA
1972.154,0.0038752,NA
1972.173,0.003775,NA
1972.192,0.0036278,NA
1972.212,0.0034784,NA
1972.231,0.0033749,NA
1972.25,0.0032779,NA
1972.269,0.0031505,NA
1972.288,0.0030153,NA
1972.308,0.0031748,NA
1972.327,0.0034524,NA
1972.346,0.0035455,NA
1972.365,0.0035322,NA
1972.385,0.0037098,NA
1972.404,0.004041,NA
1972.423,0.0042478,NA
1972.442,0.0043167,NA
1972.462,0.0043518,NA
1972.481,0.0043349,NA
1972.5,0.0043017,NA
1972.519,0.004233,NA
1972.538,0.004137,NA
1972.558,0.0039511,NA
1972.577,0.0038078,NA
1972.596,0.0038985,NA
1972.615,0.0038605,NA
1972.635,0.0038893,NA
1972.654,0.0039979,NA
1972.673,0.0041717,NA
1972.692,0.0044093,NA
1972.712,0.004637,NA
1972.731,0.0048185,NA
1972.75,0.0048682,NA
1972.769,0.0047316,NA
1972.788,0.0044831,NA
1972.808,0.0042841,NA
1972.827,0.0041596,NA
1972.846,0.004184,NA
1972.865,0.0043209,NA
1972.885,0.0039532,NA
1972.904,0.0042168,NA
1972.923,0.0042994,NA
1972.942,0.0041674,NA
1972.962,0.0039841,NA
1972.981,0.0039692,NA
1973,0.0042676,NA
1973.019,0.0045192,NA
1973.038,0.0049512,NA
1973.058,0.0057383,NA
1973.077,0.005722,NA
1973.096,0.0051763,NA
1973.115,0.0049814,NA
1973.135,0.0050561,NA
1973.154,0.0049448,NA
1973.173,0.0045882,NA
1973.192,0.0042812,NA
1973.212,0.0043423,NA
1973.231,0.0041561,NA
1973.25,0.0040282,NA
1973.269,0.0040518,NA
1973.288,0.0042447,NA
1973.308,0.0043107,NA
1973.327,0.0042628,NA
1973.346,0.0042425,NA
1973.365,0.004187,NA
1973.385,0.0041207,NA
1973.404,0.0040812,NA
1973.423,0.0039415,NA
1973.442,0.003895,NA
1973.462,0.0040835,NA
1973.481,0.0042652,NA
1973.5,0.0041531,NA
1973.519,0.0037189,NA
1973.538,0.0037737,NA
1973.558,0.0038769,NA
1973.577,0.0039863,NA
1973.596,0.0039439,NA
1973.615,0.0039097,NA
1973.635,0.0037959,NA
1973.654,0.0035651,NA
1973.673,0.0036544,NA
1973.692,0.003698,NA
1973.712,0.0037137,NA
1973.731,0.0037229,NA
1973.75,0.0039076,NA
1973.769,0.0038545,NA
1973.788,0.0036088,NA
1973.808,0.0037591,NA
1973.827,0.0036669,NA
1973.846,0.0035266,NA
1973.865,0.0034395,NA
1973.885,0.0035309,NA
1973.904,0.0035444,NA
1973.923,0.0034966,NA
1973.942,0.0034085,NA
1973.962,0.0034317,NA
1973.981,0.0034129,NA
1974,0.0033712,NA
1974.019,0.0036725,NA
1974.038,0.0038015,NA
1974.058,0.0036893,NA
1974.077,0.0032488,NA
1974.096,0.0033405,NA
1974.115,0.0039563,NA
1974.135,0.0042533,NA
1974.154,0.0045181,NA
1974.173,0.0044555,NA
1974.192,0.0044289,NA
1974.212,0.0041943,NA
1974.231,0.0042097,NA
1974.25,0.0043081,NA
1974.269,0.0043119,NA
1974.288,0.0039257,NA
1974.308,0.0040176,NA
1974.327,0.0046264,NA
1974.346,0.0044038,NA
1974.365,0.004664,NA
1974.385,0.0051394,NA
1974.404,0.0047424,NA
1974.423,0.0043917,NA
1974.442,0.0046109,NA
1974.462,0.0043426,NA
1974.481,0.0046455,NA
1974.5,0.0047815,NA
1974.519,0.004718,NA
1974.538,0.0046919,NA
1974.558,0.0056884,NA
1974.577,0.005121,NA
1974.596,0.0047762,NA
1974.615,0.0049469,NA
1974.635,0.0054841,NA
1974.654,0.0057506,NA
1974.673,0.0051533,NA
1974.692,0.0047717,NA
1974.712,0.0050628,NA
1974.731,0.0054592,NA
1974.75,0.0054986,NA
1974.769,0.0059422,NA
1974.788,0.0047331,NA
1974.808,0.0052069,NA
1974.827,0.0052864,NA
1974.846,0.0047334,NA
1974.865,0.0049579,NA
1974.885,0.0041969,NA
1974.904,0.0041782,NA
1974.923,0.0041852,NA
1974.942,0.0045778,NA
1974.962,0.0049896,NA
1974.981,0.0047856,NA
1975,0.0050032,NA
1975.019,0.0049025,NA
1975.038,0.0052564,NA
1975.058,0.0047863,NA
1975.077,0.0043105,NA
1975.096,0.0049272,NA
1975.115,0.0045478,NA
1975.135,0.0045638,NA
1975.154,0.0044695,NA
1975.173,0.0048775,NA
1975.192,0.0057128,NA
1975.212,0.0037477,NA
1975.231,0.0033888,NA
1975.25,0.0043708,NA
1975.269,0.0049681,NA
1975.288,0.0055238,NA
1975.308,0.0055803,NA
1975.327,0.0046701,NA
1975.346,0.0045323,NA
1975.365,0.0054756,NA
1975.385,0.0044892,NA
1975.404,0.0046757,NA
1975.423,0.0047919,NA
1975.442,0.0051874,NA
1975.462,0.0056523,NA
1975.481,0.005335,NA
1975.5,0.0056755,NA
1975.519,0.0059934,NA
1975.538,0.0058846,NA
1975.558,0.0052867,NA
1975.577,0.0056025,NA
1975.596,0.0058703,NA
1975.615,0.0063487,NA
1975.635,0.0051449,NA
1975.654,0.005047,NA
1975.673,0.0050317,NA
1975.692,0.0057077,NA
1975.712,0.0057329,NA
1975.731,0.0050285,NA
1975.75,0.0048555,NA
1975.769,0.0047066,NA
1975.788,0.0041319,NA
1975.808,0.0040736,NA
1975.827,0.0041843,NA
1975.846,0.0037292,NA
1975.865,0.0036562,NA
1975.885,0.0038931,NA
1975.904,0.0039282,NA
1975.923,0.0039644,NA
1975.942,0.0041288,NA
1975.962,0.0046682,NA
1975.981,0.0049397,NA
1976,0.0052572,0.637573
1976.019,0.0055588,0.668945
1976.039,0.0048072,0.690096
1976.058,0.004666,0.701126
1976.077,0.0049842,0.692536
1976.096,0.0050124,0.692838
1976.115,0.0050106,0.694184
1976.135,0.0051225,0.685156
1976.154,0.0052114,0.687782
1976.173,0.005238,0.689881
1976.192,0.005207,0.685167
1976.212,0.0048835,0.665734
1976.231,0.0047166,0.647836
1976.25,0.0047164,0.633463
1976.269,0.0046339,0.627821
1976.289,0.0047146,0.609851
1976.308,0.0050196,0.585371
1976.327,0.0050189,0.572242
1976.346,0.0049882,0.565514
1976.365,0.0049618,0.562485
1976.385,0.005161,0.561967
1976.404,0.0053291,0.563589
1976.423,0.0053409,0.564877
1976.442,0.0050724,0.564508
1976.462,0.0048524,0.567008
1976.481,0.0049708,0.570903
1976.5,0.0048803,0.576133
1976.519,0.0047542,0.565899
1976.539,0.0047797,0.558955
1976.558,0.0047915,0.553367
1976.577,0.0047594,0.542419
1976.596,0.0045462,0.536479
1976.615,0.0047905,0.532807
1976.635,0.0044613,0.528984
1976.654,0.0043098,0.52281
1976.673,0.0046765,0.520099
1976.692,0.0049063,0.524524
1976.712,0.0047261,0.533115
1976.731,0.0045756,0.541583
1976.75,0.0046156,0.549426
1976.769,0.0044836,0.556728
1976.789,0.0044999,0.563449
1976.808,0.0043899,0.569924
1976.827,0.0044379,0.577295
1976.846,0.0043738,0.583597
1976.865,0.0046045,0.588062
1976.885,0.0045925,0.587986
1976.904,0.0043259,0.587923
1976.923,0.0042643,0.58692
1976.942,0.0044444,0.584291
1976.962,0.0043845,0.585206
1976.981,0.004152,0.58509
1977,0.004839,0.583336
1977.019,0.0047034,0.588894
1977.039,0.0050096,0.593651
1977.058,0.0051301,0.598318
1977.077,0.0058603,0.605769
1977.096,0.0060797,0.609001
1977.115,0.0058912,0.612626
1977.135,0.0056231,0.624176
1977.154,0.005355,0.636262
1977.173,0.0050972,0.646052
1977.192,0.0049276,0.651625
1977.212,0.004758,0.657432
1977.231,0.0045884,0.662356
1977.25,0.0046324,0.666201
1977.269,0.0048123,0.670971
1977.289,0.0049923,0.675219
1977.308,0.005154,0.678402
1977.327,0.0051844,0.677207
1977.346,0.0052148,0.675667
1977.365,0.0052452,0.675193
1977.385,0.00528,0.678864
1977.404,0.0053175,0.684443
1977.423,0.005355,0.689282
1977.442,0.0053876,0.691887
1977.462,0.0053897,0.698454
1977.481,0.0053918,0.70542
1977.5,0.0053939,0.712405
1977.519,0.005319,0.709208
1977.539,0.0052015,0.702238
1977.558,0.0050841,0.692111
1977.577,0.0050015,0.678294
1977.596,0.0051098,0.656518
1977.615,0.0051543,0.631892
1977.635,0.0050628,0.617597
1977.654,0.0049159,0.609725
1977.673,0.0047087,0.611038
1977.692,0.0046247,0.612612
1977.712,0.0046093,0.614717
1977.731,0.0046014,0.618246
1977.75,0.0045953,0.619347
1977.769,0.0045336,0.614277
1977.789,0.0044844,0.605667
1977.808,0.0045301,0.601056
1977.827,0.004531,0.601738
1977.846,0.0044247,0.610518
1977.865,0.0044584,0.627448
1977.885,0.0046606,0.649485
1977.904,0.0046076,0.66749
1977.923,0.0043971,0.690725
1977.942,0.0045874,0.70262
1977.962,0.0048888,0.703909
1977.981,0.0045235,0.712237
1978,0.0041676,0.723598
1978.019,0.0042338,0.738302
1978.039,0.0042102,0.735212
1978.058,0.0039451,0.724328
1978.077,0.0037022,0.7177
1978.096,0.0034888,0.71151
1978.115,0.0037259,0.712123
1978.135,0.004239,0.720675
1978.154,0.0043115,0.73431
1978.173,0.0043823,0.752843
1978.192,0.0044454,0.769771
1978.212,0.0040348,0.771566
1978.231,0.0037177,0.766223
1978.25,0.0034998,0.757543
1978.269,0.0037915,0.757314
1978.289,0.0040111,0.757267
1978.308,0.0041023,0.752403
1978.327,0.0038493,0.739854
1978.346,0.003684,0.714814
1978.365,0.0037267,0.687696
1978.385,0.0036827,0.657838
1978.404,0.0036111,0.633387
1978.423,0.003514,0.615309
1978.442,0.0038159,0.601192
1978.462,0.0041698,0.59045
1978.481,0.0043798,0.586133
1978.5,0.0044045,0.592592
1978.519,0.0043653,0.611929
1978.539,0.0043356,0.63169
1978.558,0.0045031,0.644382
1978.577,0.0047319,0.661202
1978.596,0.0047966,0.675179
1978.615,0.0048612,0.684572
1978.635,0.0046619,0.691581
1978.654,0.0044182,0.697248
1978.673,0.0041449,0.702793
1978.692,0.0038486,0.714211
1978.712,0.003694,0.729
1978.731,0.0039332,0.746532
1978.75,0.0041724,0.763199
1978.769,0.0043613,0.780931
1978.789,0.0045484,0.7996
1978.808,0.0045154,0.828912
1978.827,0.0043755,0.85509
1978.846,0.0041862,0.877299
1978.865,0.0039144,0.893596
1978.885,0.003667,0.906081
1978.904,0.0037139,0.913712
1978.923,0.0037609,0.922996
1978.942,0.0038539,0.931123
1978.962,0.0039597,0.93622
1978.981,0.003978,0.933144
1979,0.003903,0.924723
1979.019,0.0038371,0.906199
1979.039,0.0038103,0.893339
1979.058,0.0037835,0.8783
1979.077,0.00387,0.846271
1979.096,0.0039701,0.822237
1979.115,0.0038953,0.801466
1979.135,0.0037164,0.778699
1979.154,0.00358,0.757601
1979.173,0.0038947,0.737764
1979.192,0.0042905,0.719748
1979.212,0.0045255,0.710438
1979.231,0.0044922,0.708156
1979.25,0.0042624,0.702449
1979.269,0.0043433,0.695389
1979.289,0.0046464,0.687139
1979.308,0.0048487,0.692123
1979.327,0.0045417,0.695157
1979.346,0.0046547,0.695505
1979.365,0.0047256,0.698059
1979.385,0.0047657,0.705724
1979.404,0.0047809,0.720819
1979.423,0.0047646,0.722258
1979.442,0.0054214,0.721453
1979.462,0.0054581,0.721527
1979.481,0.0051748,0.724973
1979.5,0.005325,0.728423
1979.519,0.0050754,0.729782
1979.539,0.0047653,0.73065
1979.558,0.0046005,0.731962
1979.577,0.0046696,0.735817
1979.596,0.0048466,0.736153
1979.615,0.0049637,0.734867
1979.635,0.0048148,0.736221
1979.654,0.004871,0.738185
1979.673,0.0056616,0.742662
1979.692,0.0061551,0.746069
1979.712,0.0057457,0.741507
1979.731,0.0053201,0.73596
1979.75,0.0048534,0.727428
1979.769,0.0044747,0.720829
1979.789,0.0042912,0.717434
1979.808,0.0043623,0.72019
1979.827,0.0049158,0.727852
1979.846,0.0053191,0.735786
1979.865,0.0054718,0.743845
1979.885,0.0055066,0.751081
1979.904,0.0053673,0.758127
1979.923,0.0051412,0.768079
1979.942,0.0048036,0.778113
1979.962,0.0047074,0.788585
1979.981,0.0048862,0.799095
1980,0.004861,0.809722
1980.019,0.0046335,0.815347
1980.039,0.0046446,0.812683
1980.058,0.0048662,0.812496
1980.077,0.00486,0.814284
1980.096,0.0046786,0.812227
1980.115,0.0045297,0.808398
1980.135,0.0043758,0.804393
1980.154,0.0040789,0.800347
1980.173,0.0038545,0.801221
1980.192,0.0037641,0.800677
1980.212,0.0039399,0.789495
1980.231,0.0042019,0.778392
1980.25,0.0043087,0.767529
1980.269,0.0041672,0.757735
1980.289,0.0038267,0.749712
1980.308,0.0037007,0.739329
1980.327,0.0037783,0.727063
1980.346,0.003951,0.715062
1980.365,0.0039622,0.703181
1980.385,0.0039153,0.684229
1980.404,0.0039628,0.663643
1980.423,0.0040504,0.650032
1980.442,0.0040342,0.637473
1980.462,0.0037957,0.632208
1980.481,0.0037512,0.628629
1980.5,0.0037713,0.630151
1980.519,0.0038429,0.632607
1980.539,0.0039237,0.636612
1980.558,0.0040906,0.640101
1980.577,0.00426,0.643178
1980.596,0.0041166,0.645135
1980.615,0.004089,0.646575
1980.635,0.0042127,0.652795
1980.654,0.0042749,0.660119
1980.673,0.0043117,0.669075
1980.692,0.0042301,0.677965
1980.712,0.0041062,0.686282
1980.731,0.0038696,0.693965
1980.75,0.0036915,0.699731
1980.769,0.0035624,0.707756
1980.789,0.0036104,0.719526
1980.808,0.0036814,0.729668
1980.827,0.0035974,0.738514
1980.846,0.0036252,0.74123
1980.865,0.0038394,0.74112
1980.885,0.0040058,0.738767
1980.904,0.0041468,0.735896
1980.923,0.0041746,0.724869
1980.942,0.0041575,0.713409
1980.962,0.0040014,0.69923
1980.981,0.0039873,0.68529
1981,0.0041242,0.672075
1981.019,0.0042287,0.659418
1981.039,0.0043129,0.647685
1981.058,0.0041306,0.637907
1981.077,0.0040405,0.629689
1981.096,0.0041503,0.624161
1981.115,0.0042688,0.619872
1981.135,0.004411,0.617922
1981.154,0.0048072,0.616511
1981.173,0.00514,0.614817
1981.192,0.0054079,0.613846
1981.212,0.0049253,0.61816
1981.231,0.0047898,0.623081
1981.25,0.0050229,0.629837
1981.269,0.0048584,0.636233
1981.289,0.0045603,0.642035
1981.308,0.0041076,0.648065
1981.327,0.0041037,0.654275
1981.346,0.0039825,0.660623
1981.365,0.003586,0.667035
1981.385,0.0034442,0.674457
1981.404,0.0034768,0.682113
1981.423,0.003785,0.685115
1981.442,0.004154,0.687654
1981.462,0.0044862,0.687069
1981.481,0.0046726,0.686556
1981.5,0.0046874,0.686257
1981.519,0.0046669,0.68476
1981.539,0.0047466,0.681281
1981.558,0.0048909,0.680424
1981.577,0.005015,0.681658
1981.596,0.0048671,0.687034
1981.615,0.0051403,0.690838
1981.635,0.0051055,0.688763
1981.654,0.0050455,0.683353
1981.673,0.005214,0.686004
1981.692,0.0054514,0.687423
1981.712,0.0057884,0.685585
1981.731,0.0058675,0.685555
1981.75,0.0055817,0.686714
1981.769,0.0050632,0.686708
1981.789,0.0048809,0.686679
1981.808,0.0053622,0.688951
1981.827,0.0053068,0.686239
1981.846,0.0050021,0.67964
1981.865,0.0047782,0.669875
1981.885,0.0048551,0.657872
1981.904,0.0050135,0.646085
1981.923,0.00476,0.640606
1981.942,0.0045523,0.636657
1981.962,0.0045341,0.633159
1981.981,0.004324,0.632607
1982,0.0040247,0.627888
1982.019,0.0038952,0.625056
1982.039,0.0039377,0.623807
1982.058,0.0039479,0.622193
1982.077,0.0034837,0.617567
1982.096,0.0030837,0.613697
1982.115,0.0030065,0.612703
1982.135,0.0030881,0.61529
1982.154,0.0032959,0.613237
1982.173,0.0037271,0.613926
1982.192,0.0040851,0.614001
1982.212,0.0044431,0.614194
1982.231,0.0047375,0.621347
1982.25,0.0048192,0.629282
1982.269,0.004901,0.635589
1982.289,0.0048747,0.639869
1982.308,0.0047154,0.642149
1982.327,0.004556,0.64931
1982.346,0.0044635,0.655665
1982.365,0.0044038,0.661706
1982.385,0.004344,0.667118
1982.404,0.0043609,0.66413
1982.423,0.0043873,0.66609
1982.442,0.0044239,0.664997
1982.462,0.0045404,0.658449
1982.481,0.004657,0.648537
1982.5,0.0046964,0.637793
1982.519,0.0045794,0.621167
1982.539,0.0044625,0.60093
1982.558,0.0044135,0.581931
1982.577,0.0044191,0.572347
1982.596,0.0044246,0.565689
1982.615,0.0044564,0.56141
1982.635,0.0044958,0.556992
1982.654,0.0045352,0.560122
1982.673,0.0048518,0.564438
1982.692,0.0054807,0.566748
1982.712,0.0057763,0.574738
1982.731,0.0062581,0.588065
1982.75,0.005777,0.598754
1982.769,0.0060476,0.614957
1982.789,0.0051776,0.63245
1982.808,0.0047658,0.650576
1982.827,0.0041882,0.671309
1982.846,0.0040693,0.67696
1982.865,0.0043253,0.685739
1982.885,0.0044501,0.704443
1982.904,0.0039968,0.716119
1982.923,0.003983,0.73335
1982.942,0.0038602,0.746344
1982.962,0.0038726,0.765138
1982.981,0.0030998,0.786881
1983,0.0030781,0.804315
1983.019,0.0029849,0.820707
1983.039,0.0022119,0.841899
1983.058,0.0023324,0.871003
1983.077,0.0024773,0.88921
1983.096,0.0030009,0.877376
1983.115,0.0033429,0.864505
1983.135,0.00363,0.836138
1983.154,0.0033653,0.791614
1983.173,0.0026471,0.73957
1983.192,0.0031324,0.691737
1983.212,0.0035647,0.651624
1983.231,0.0035635,0.619832
1983.25,0.0038256,0.600804
1983.269,0.0032433,0.57991
1983.289,0.0038268,0.569487
1983.308,0.0038647,0.562483
1983.327,0.0039838,0.555442
1983.346,0.0042153,0.560762
1983.365,0.0038142,0.566096
1983.385,0.0036119,0.57522
1983.404,0.0037704,0.576949
1983.423,0.0039584,0.570871
1983.442,0.003917,0.57126
1983.462,0.0041613,0.566254
1983.481,0.003741,0.569559
1983.5,0.0040118,0.568674
1983.519,0.0045378,0.568554
1983.539,0.0040518,0.571327
1983.558,0.0045622,0.570537
1983.577,0.0046491,0.571165
1983.596,0.0045173,0.572662
1983.615,0.0039157,0.574552
1983.635,0.00386,0.576751
1983.654,0.0042899,0.579269
1983.673,0.0042029,0.583017
1983.692,0.0041408,0.586682
1983.712,0.0039929,0.590258
1983.731,0.0043862,0.588546
1983.75,0.0038808,0.585241
1983.769,0.0038189,0.580294
1983.789,0.0039489,0.575851
1983.808,0.0042058,0.572673
1983.827,0.0042508,0.567411
1983.846,0.004389,0.560567
1983.865,0.0039401,0.554819
1983.885,0.0037912,0.549505
1983.904,0.0038527,0.545924
1983.923,0.003622,0.542141
1983.942,0.0033691,0.538013
1983.962,0.003642,0.535951
1983.981,0.0030557,0.535261
1984,0.0035701,0.537814
1984.019,0.0036202,0.541665
1984.039,0.0034347,0.549826
1984.058,0.0037416,0.556158
1984.077,0.0038588,0.559751
1984.096,0.0036062,0.565744
1984.115,0.0035297,0.572842
1984.135,0.0036156,0.58278
1984.154,0.0037012,0.592928
1984.173,0.0037102,0.603546
1984.192,0.0038445,0.614769
1984.212,0.0036399,0.626635
1984.231,0.0036372,0.636356
1984.25,0.0037025,0.645428
1984.269,0.0036379,0.650821
1984.289,0.0036381,0.653701
1984.308,0.0035731,0.650265
1984.327,0.0036412,0.647353
1984.346,0.0036963,0.644839
1984.365,0.003849,0.634098
1984.385,0.0041166,0.621191
1984.404,0.0040654,0.606995
1984.423,0.0040293,0.591249
1984.442,0.0042923,0.572847
1984.462,0.0042523,0.561672
1984.481,0.0042062,0.555301
1984.5,0.0045124,0.548506
1984.519,0.0044782,0.541604
1984.539,0.0042845,0.534445
1984.558,0.0040999,0.526522
1984.577,0.004196,0.517459
1984.596,0.0042795,0.50481
1984.615,0.0047015,0.500853
1984.635,0.0042454,0.502947
1984.654,0.0041649,0.508288
1984.673,0.0039594,0.513702
1984.692,0.0039912,0.519452
1984.712,0.0039492,0.529565
1984.731,0.0037928,0.54193
1984.75,0.0039872,0.552919
1984.769,0.0035754,0.559949
1984.789,0.0037754,0.56333
1984.808,0.003758,0.564177
1984.827,0.0039593,0.558335
1984.846,0.004461,0.552231
1984.865,0.0046651,0.548863
1984.885,0.0043688,0.550934
1984.904,0.0042971,0.556294
1984.923,0.0038643,0.552983
1984.942,0.004049,0.54894
1984.962,0.0035741,0.546414
1984.981,0.0031918,0.54448
1985,0.0031169,0.540409
1985.019,0.0039356,0.541172
1985.039,0.0046799,0.545005
1985.058,0.0041702,0.549927
1985.077,0.0036592,0.554458
1985.096,0.0037255,0.558373
1985.115,0.0036961,0.564214
1985.135,0.0035443,0.570896
1985.154,0.0032629,0.574626
1985.173,0.0035827,0.573358
1985.192,0.0037546,0.568496
1985.212,0.0037102,0.565219
1985.231,0.0036699,0.564895
1985.25,0.0035924,0.564626
1985.269,0.0036526,0.562701
1985.289,0.0036029,0.558222
1985.308,0.0039893,0.561872
1985.327,0.0039122,0.569077
1985.346,0.0039219,0.580364
1985.365,0.0038417,0.606865
1985.385,0.0038903,0.629478
1985.404,0.0039413,0.647598
1985.423,0.0040663,0.656274
1985.442,0.0039367,0.65322
1985.462,0.0041392,0.63927
1985.481,0.004219,0.617802
1985.5,0.0046526,0.589189
1985.519,0.0040806,0.555689
1985.539,0.0041668,0.530174
1985.558,0.0043175,0.517687
1985.577,0.0043463,0.512771
1985.596,0.0043503,0.512855
1985.615,0.0040362,0.517841
1985.635,0.0042371,0.524206
1985.654,0.0047044,0.529771
1985.673,0.0044247,0.532497
1985.692,0.004071,0.528611
1985.712,0.0044053,0.520764
1985.731,0.0042229,0.514381
1985.75,0.004406,0.511614
1985.769,0.0042045,0.513102
1985.789,0.0040814,0.509994
1985.808,0.0039781,0.509688
1985.827,0.0038999,0.511592
1985.846,0.0039972,0.518021
1985.865,0.0040687,0.530484
1985.885,0.0041718,0.544154
1985.904,0.003971,0.557732
1985.923,0.0035819,0.563362
1985.942,0.0037562,0.564572
1985.962,0.003531,0.556242
1985.981,0.0035068,0.543276
1986,0.0033285,0.530823
1986.019,0.0033602,0.529734
1986.039,0.0035834,0.536147
1986.058,0.0041236,0.538881
1986.077,0.0040623,0.541721
1986.096,0.0041109,0.548946
1986.115,0.004043,0.54493
1986.135,0.0038838,0.534931
1986.154,0.0037046,0.522484
1986.173,0.0039654,0.508315
1986.192,0.0043073,0.51127
1986.212,0.0040895,0.521225
1986.231,0.003788,0.542212
1986.25,0.0038854,0.575455
1986.269,0.0039964,0.595734
1986.289,0.0042251,0.618359
1986.308,0.004259,0.630995
1986.327,0.003964,0.626215
1986.346,0.0040866,0.610827
1986.365,0.0036472,0.601785
1986.385,0.0037036,0.600999
1986.404,0.0039099,0.60009
1986.423,0.0036658,0.596195
1986.442,0.0038992,0.595574
1986.462,0.0038944,0.59578
1986.481,0.0039932,0.592317
1986.5,0.0041166,0.58079
1986.519,0.0040127,0.567086
1986.539,0.0039777,0.553058
1986.558,0.0038938,0.546147
1986.577,0.0043631,0.539837
1986.596,0.0041369,0.53556
1986.615,0.0040001,0.533669
1986.635,0.0038285,0.536297
1986.654,0.0039883,0.546544
1986.673,0.0040844,0.560783
1986.692,0.0048475,0.571807
1986.712,0.004287,0.573978
1986.731,0.0038873,0.578523
1986.75,0.0041907,0.589342
1986.769,0.0041861,0.590611
1986.789,0.0041843,0.586431
1986.808,0.004079,0.585186
1986.827,0.0041628,0.585286
1986.846,0.0041677,0.583272
1986.865,0.0040573,0.581187
1986.885,0.0041286,0.58267
1986.904,0.0047137,0.587357
1986.923,0.0047435,0.596122
1986.942,0.0040204,0.595526
1986.962,0.0039836,0.594248
1986.981,0.0039164,0.590442
1987,0.0038893,0.58185
1987.019,0.0040643,0.571085
1987.039,0.0039569,0.564263
1987.058,0.0038844,0.559787
1987.077,0.0038602,0.551129
1987.096,0.0037856,0.546303
1987.115,0.0037087,0.543159
1987.135,0.0037471,0.550288
1987.154,0.0036488,0.554068
1987.173,0.0036708,0.56424
1987.192,0.0038633,0.572464
1987.212,0.0037252,0.574225
1987.231,0.0036719,0.573086
1987.25,0.003766,0.575936
1987.269,0.0041318,0.583873
1987.289,0.0041788,0.588675
1987.308,0.0041121,0.592251
1987.327,0.0039808,0.590373
1987.346,0.0039214,0.586396
1987.365,0.0041386,0.586953
1987.385,0.004366,0.582553
1987.404,0.0044259,0.5777
1987.423,0.0043074,0.57636
1987.442,0.0043567,0.583169
1987.462,0.0045424,0.593232
1987.481,0.0047596,0.59395
1987.5,0.0046517,0.590665
1987.519,0.0044619,0.591921
1987.539,0.0042779,0.581568
1987.558,0.0043041,0.572127
1987.577,0.0043577,0.56024
1987.596,0.0047066,0.556061
1987.615,0.0042997,0.563675
1987.635,0.0038591,0.573426
1987.654,0.0046052,0.580945
1987.673,0.0051181,0.586651
1987.692,0.0047145,0.590037
1987.712,0.0040122,0.591254
1987.731,0.003884,0.589966
1987.75,0.0040324,0.599854
1987.769,0.0040036,0.625318
1987.789,0.0038527,NA
1987.808,0.0040162,NA
1987.827,0.0040103,NA
1987.846,0.0039651,NA
1987.865,0.0040219,NA
1987.885,0.0037106,NA
1987.904,0.0036144,NA
1987.923,0.0036893,NA
1987.942,0.0035519,NA
1987.962,0.0036506,NA
1987.981,0.0037185,NA
1988,0.0037213,NA
1988.019,0.0038213,NA
1988.039,0.0039529,NA
1988.058,0.0038051,NA
1988.077,0.0041179,NA
1988.096,0.0040652,NA
1988.115,0.0039849,NA
1988.135,0.0038773,NA
1988.154,0.0039189,NA
1988.173,0.0040062,0.658088
1988.192,0.0041386,0.642131
1988.212,0.0041657,0.638386
1988.231,0.0041246,0.641099
1988.25,0.0040151,0.640293
1988.269,0.0037864,0.63796
1988.289,0.0036381,0.639811
1988.308,0.0035694,0.645654
1988.327,0.0038311,0.656162
1988.346,0.003897,0.673544
1988.365,0.0037725,0.686196
1988.385,0.0038163,0.700326
1988.404,0.003827,0.702183
1988.423,0.0038054,0.687662
1988.442,0.0038107,0.669732
1988.462,0.0037769,0.645696
1988.481,0.0037067,0.608946
1988.5,0.003795,0.585546
1988.519,0.0037723,0.570167
1988.539,0.0036459,0.564999
1988.558,0.0037666,0.570126
1988.577,0.0038515,0.576375
1988.596,0.0039029,0.584424
1988.615,0.0040485,0.59482
1988.635,0.0041941,0.602816
1988.654,0.0043152,0.605122
1988.673,0.0042807,0.606565
1988.692,0.0042462,0.602211
1988.712,0.0042549,0.607133
1988.731,0.0043894,0.613183
1988.75,0.004524,0.614528
1988.769,0.0046146,0.611915
1988.789,0.0046335,0.609141
1988.808,0.0046523,0.607541
1988.827,0.0046894,0.607647
1988.846,0.0047446,0.601317
1988.865,0.0047998,0.594069
1988.885,0.0047565,0.58635
1988.904,0.0046537,0.581306
1988.923,0.0045508,0.578693
1988.942,0.0045744,0.57705
1988.962,0.0046407,0.5822
1988.981,0.0047069,0.592522
1989,0.0047967,0.601871
1989.019,0.0048899,0.614956
1989.039,0.0049831,0.633869
1989.058,0.0050285,0.652258
1989.077,0.0050735,0.664927
1989.096,0.005081,0.675476
1989.115,0.0048013,0.678247
1989.135,0.0045216,0.683633
1989.154,0.0044379,0.682936
1989.173,0.0045308,0.679141
1989.192,0.0046237,0.673835
1989.212,0.0048766,0.6729
1989.231,0.0051403,0.681297
1989.25,0.0052629,0.686772
1989.269,0.0051133,0.695031
1989.289,0.0049638,0.709108
1989.308,0.0049564,0.72582
1989.327,0.0049959,0.739309
1989.346,0.0050091,0.746505
1989.365,0.0048869,0.746773
1989.385,0.0047647,0.743499
1989.404,0.0047626,0.74971
1989.423,0.0048502,0.760427
1989.442,0.0049378,0.761091
1989.462,0.0048297,0.756007
1989.481,0.0047183,0.741706
1989.5,0.0045954,0.717045
1989.519,0.0044547,0.688858
1989.539,0.0043141,0.66319
1989.558,0.0041683,0.641531
1989.577,0.0040211,0.617204
1989.596,0.0039212,0.60229
1989.615,0.004,0.596269
1989.635,0.0040789,0.594993
1989.654,0.0042409,0.594407
1989.673,0.0043283,0.594961
1989.692,0.0044224,0.590855
1989.712,0.0045743,0.590624
1989.731,0.0043626,0.593094
1989.75,0.0044863,0.597726
1989.769,0.0042398,0.603337
1989.789,0.0044611,0.606079
1989.808,0.004396,0.611402
1989.827,0.0042961,0.609955
1989.846,0.0041098,0.613419
1989.865,0.0039652,0.615988
1989.885,0.0039504,0.614686
1989.904,0.0038532,0.613386
1989.923,0.0037414,0.61326
1989.942,0.0037817,0.618148
1989.962,0.0036021,0.623634
1989.981,0.0037134,0.626014
1990,0.0038768,0.625235
1990.019,0.0039885,0.621961
1990.039,0.0039523,0.615504
1990.058,0.0038913,0.612151
1990.077,0.0039833,0.618837
1990.096,0.0040949,0.626004
1990.115,0.0043094,0.637019
1990.135,0.0042303,0.653455
1990.154,0.0041669,0.670649
1990.173,0.0041223,0.681736
1990.192,0.003867,0.692355
1990.212,0.0036413,0.701289
1990.231,0.0035484,0.704243
1990.25,0.0036647,0.705001
1990.269,0.0038236,0.707182
1990.289,0.0038151,0.708513
1990.308,0.0038632,0.722972
1990.327,0.0039527,0.741832
1990.346,0.004146,0.758795
1990.365,0.0042689,0.772818
1990.385,0.0043056,0.784157
1990.404,0.0043198,0.79219
1990.423,0.0043989,0.790093
1990.442,0.0046343,0.780841
1990.462,0.0047596,0.770002
1990.481,0.0048326,0.75488
1990.5,0.0048397,0.732444
1990.519,0.0048533,0.704732
1990.539,0.0051462,0.682392
1990.558,0.0056004,0.658513
1990.577,0.0058431,0.644945
1990.596,0.0046449,0.63481
1990.615,0.0054308,0.625582
1990.635,0.0054202,0.616279
1990.654,0.0041896,0.605758
1990.673,0.0043689,0.599878
1990.692,0.0041511,0.599993
1990.712,0.0043128,0.608488
1990.731,0.0041821,0.620517
1990.75,0.0038966,0.63632
1990.769,0.0040091,0.657778
1990.789,0.0040287,0.697197
1990.808,0.0043134,0.740646
1990.827,0.0043409,0.784937
1990.846,0.0047926,0.821621
1990.865,0.004855,0.849322
1990.885,0.005313,0.869518
1990.904,0.0058137,0.881662
1990.923,0.0055922,0.881808
1990.942,0.0051706,0.877403
1990.962,0.0053771,0.869956
1990.981,0.0053969,0.857377
1991,0.0054747,0.843022
1991.019,0.0054655,0.829123
1991.039,0.0045763,0.820625
1991.058,0.0048859,0.818892
1991.077,0.0050614,0.816914
1991.096,0.0042367,0.812414
1991.115,0.0041337,0.810134
1991.135,0.0040306,0.798271
1991.154,0.0040099,0.778993
1991.173,0.0041811,0.762214
1991.192,0.0046814,0.748799
1991.212,0.0047143,0.73582
1991.231,0.005065,0.721447
1991.25,0.004373,0.7055
1991.269,0.0042848,0.694644
1991.289,0.0041722,0.68841
1991.308,0.0042916,0.682536
1991.327,0.0041607,0.676358
1991.346,0.004499,0.673914
1991.365,0.0044455,0.679641
1991.385,0.0046259,0.683955
1991.404,0.0048097,0.687295
1991.423,0.0056279,0.68983
1991.442,0.0051076,0.692365
1991.462,0.0044469,0.694007
1991.481,0.0046032,0.693352
1991.5,0.0046464,0.688222
1991.519,0.0046511,0.68656
1991.539,0.004621,0.683391
1991.558,0.0045042,0.678091
1991.577,0.0041069,0.671124
1991.596,0.0042463,0.665626
1991.615,0.0042812,0.660806
1991.635,0.0043652,0.655986
1991.654,0.0043328,0.651201
1991.673,0.0046397,0.646556
1991.692,0.0045299,0.641911
1991.712,0.0045945,0.637266
1991.731,0.0046412,0.630606
1991.75,0.00419,0.623338
1991.769,0.0041561,0.61607
1991.789,0.0041998,0.60815
1991.808,0.0041409,0.598589
1991.827,0.0042476,0.589028
1991.846,0.0041972,0.579467
1991.865,0.0041538,0.573475
1991.885,0.0037964,0.568374
1991.904,0.0032924,0.563273
1991.923,0.0031692,0.559
1991.942,0.0031848,0.556148
1991.962,0.0033752,0.553295
1991.981,0.003774,0.550443
1992,0.0040212,0.548083
1992.019,0.0040105,0.545788
1992.039,0.0039819,0.543492
1992.058,0.0042911,0.541521
1992.077,0.0042772,0.540035
1992.096,0.0044329,0.53855
1992.115,0.0046764,0.537064
1992.135,0.0044243,0.535991
1992.154,0.0042864,0.534931
1992.173,0.0041485,0.533871
1992.192,0.0041026,0.533617
1992.212,0.0040768,0.53422
1992.231,0.0041441,0.534823
1992.25,0.0043058,0.535426
1992.269,0.0044454,0.535598
1992.289,0.0044821,0.535769
1992.308,0.0045188,0.535941
1992.327,0.0043763,0.537392
1992.346,0.0042041,0.539813
1992.365,0.0041817,0.542235
1992.385,0.0042904,0.544676
1992.404,0.0043946,0.54732
1992.423,0.0044822,0.549965
1992.442,0.0045698,0.552609
1992.462,0.0046313,0.55497
1992.481,0.0046894,0.557143
1992.5,0.0047392,0.559315
1992.519,0.0047826,0.561413
1992.539,0.0047905,0.563143
1992.558,0.0046929,0.564873
1992.577,0.0045954,0.566603
1992.596,0.0045531,0.565608
1992.615,0.0045152,0.563355
1992.635,0.0045517,0.559162
1992.654,0.0046467,0.554922
1992.673,0.0047624,0.550744
1992.692,0.004509,0.546328
1992.712,0.0042782,0.541657
1992.731,0.0041203,0.540322
1992.75,0.0040265,0.539992
1992.769,0.0036979,0.539443
1992.789,0.0037782,0.539723
1992.808,0.0038996,0.54209
1992.827,0.0039544,0.543423
1992.846,0.0039628,0.543971
1992.865,0.0040266,0.545794
1992.885,0.0040383,0.548421
1992.904,0.0039988,0.556335
1992.923,0.0039308,0.563879
1992.942,0.0042238,0.570788
1992.962,0.0041758,0.581026
1992.981,0.004071,0.593479
1993,0.0041398,0.605097
1993.019,0.0046354,0.615612
1993.039,0.0043731,0.621224
1993.058,0.0042472,0.628275
1993.077,0.0043867,0.637482
1993.096,0.0043687,0.648395
1993.115,0.0047335,0.660096
1993.135,0.0048294,0.66907
1993.154,0.0049171,0.677243
1993.173,0.0054274,0.682572
1993.192,0.0052213,0.683729
1993.212,0.0050152,0.680445
1993.231,0.004846,0.684562
1993.25,0.0047183,0.690905
1993.269,0.0045905,0.689889
1993.289,0.0043059,0.688767
1993.308,0.0040108,0.687373
1993.327,0.0038379,0.686917
1993.346,0.0038481,0.687175
1993.365,0.0038584,0.679748
1993.385,0.0038026,0.670199
1993.404,0.0037368,0.658409
1993.423,0.0037057,0.647829
1993.442,0.0037447,0.639322
1993.462,0.0037838,0.629243
1993.481,0.0038237,0.618118
1993.5,0.0038638,0.604868
1993.519,0.0038821,0.592099
1993.539,0.0038382,0.583085
1993.558,0.0037944,0.576603
1993.577,0.0037677,0.573913
1993.596,0.0037474,0.569772
1993.615,0.0037241,0.566452
1993.635,0.0036882,0.564398
1993.654,0.0036523,0.558197
1993.673,0.00368,0.552562
1993.692,0.0037408,0.545845
1993.712,0.003796,0.539747
1993.731,0.003811,0.536207
1993.75,0.0038259,0.530682
1993.769,0.0038332,0.526365
1993.789,0.0038351,0.524066
1993.808,0.0038395,0.526026
1993.827,0.0038901,0.536751
1993.846,0.0039407,0.546126
1993.865,0.0040425,0.557393
1993.885,0.004192,0.569403
1993.904,0.0043415,0.581523
1993.923,0.0042422,0.593551
1993.942,0.004138,0.609851
1993.962,0.004108,0.61946
1993.981,0.0041694,0.625039
1994,0.0042308,0.629743
1994.019,0.0042295,0.631412
1994.039,0.004222,0.624527
1994.058,0.0041534,0.612865
1994.077,0.0039842,0.599799
1994.096,0.003815,0.588028
1994.115,0.0038821,0.570347
1994.135,0.0039942,0.559507
1994.154,0.0040904,0.551757
1994.173,0.004151,0.544685
1994.192,0.0042116,0.537021
1994.212,0.0043051,0.540992
1994.231,0.0044084,0.547915
1994.25,0.0045157,0.556034
1994.269,0.0046355,0.565233
1994.289,0.0047554,0.578387
1994.308,0.0046702,0.588549
1994.327,0.0044972,0.603044
1994.346,0.0043307,0.618767
1994.365,0.0041965,0.629994
1994.385,0.0040622,0.628304
1994.404,0.0040677,0.620115
1994.423,0.0041551,0.609552
1994.442,0.0042348,0.600242
1994.462,0.0042429,0.595916
1994.481,0.0042509,0.584736
1994.5,0.004276,0.582272
1994.519,0.0043143,0.57809
1994.539,0.004412,0.570686
1994.558,0.0046705,0.56753
1994.577,0.0041132,0.563458
1994.596,0.0042854,0.562943
1994.615,0.004229,0.568232
1994.635,0.0042111,0.57138
1994.654,0.0042606,0.572317
1994.673,0.0044595,0.578447
1994.692,0.004686,0.589225
1994.712,0.0044667,0.596277
1994.731,0.0043383,0.595436
1994.75,0.0043363,0.590245
1994.769,0.0040822,0.587407
1994.789,0.0038093,0.586989
1994.808,0.0039447,0.583034
1994.827,0.0038726,0.578187
1994.846,0.0035698,0.579671
1994.865,0.0034667,0.585809
1994.885,0.003444,0.58908
1994.904,0.0036046,0.585957
1994.923,0.0036468,0.580206
1994.942,0.0035808,0.576441
1994.962,0.0038399,0.574687
1994.981,0.0040297,0.573788
1995,0.0038219,0.568185
1995.019,0.0037115,0.567896
1995.039,0.0036722,0.577207
1995.058,0.0036702,0.588867
1995.077,0.0037572,0.599011
1995.096,0.004065,0.608881
1995.115,0.0041306,0.613682
1995.135,0.0040553,0.624939
1995.154,0.0038825,0.648458
1995.173,0.0038606,0.662438
1995.192,0.0040212,0.665376
1995.212,0.0039968,0.663097
1995.231,0.0040383,0.667073
1995.25,0.0042021,0.668242
1995.269,0.0040932,0.648771
1995.289,0.0040082,0.647779
1995.308,0.0040526,0.625005
1995.327,0.0040706,0.606345
1995.346,0.0040746,0.594621
1995.365,0.0040587,0.580077
1995.385,0.0039478,0.569992
1995.404,0.0038525,0.569025
1995.423,0.003926,0.568618
1995.442,0.0043641,0.565437
1995.462,0.0047866,0.568684
1995.481,0.0042843,0.571461
1995.5,0.0041214,0.576926
1995.519,0.0041196,0.575951
1995.539,0.003795,0.581551
1995.558,0.0038201,0.579337
1995.577,0.0041204,0.584547
1995.596,0.0046925,0.586418
1995.615,0.004734,0.586029
1995.635,0.0042715,0.595055
1995.654,0.0044587,0.602462
1995.673,0.0047915,0.60833
1995.692,0.004073,0.614833
1995.712,0.0039978,0.619436
1995.731,0.0041949,0.621049
1995.75,0.0045818,0.624223
1995.769,0.0047949,0.625699
1995.789,0.0040665,0.619624
1995.808,0.0041595,0.612803
1995.827,0.0039596,0.60525
1995.846,0.0038746,0.594569
1995.865,0.0038442,0.58215
1995.885,0.0035004,0.567912
1995.904,0.0036626,0.558424
1995.923,0.003632,0.552397
1995.942,0.0038708,0.55167
1995.962,0.0037209,0.550059
1995.981,0.0036759,0.550639
1996,0.0040512,0.561333
1996.019,0.0037584,0.571359
1996.039,0.0036724,0.580945
1996.058,0.0033549,0.588181
1996.077,0.0037904,0.59363
1996.096,0.0034709,0.597019
1996.115,0.0038279,0.599549
1996.135,0.0038709,0.602665
1996.154,0.0037512,0.607068
1996.173,0.0036454,0.611306
1996.192,0.0036587,0.615897
1996.212,0.0038296,0.622465
1996.231,0.0040529,0.62982
1996.25,0.0043975,0.637672
1996.269,0.0046304,0.646477
1996.289,0.004768,0.653247
1996.308,0.0045355,0.657437
1996.327,0.0042643,0.654627
1996.346,0.0043792,0.649923
1996.365,0.0045287,0.642644
1996.385,0.0046639,0.634469
1996.404,0.0049456,0.626911
1996.423,0.0050102,0.624997
1996.442,0.0045688,0.620099
1996.462,0.0041725,0.613117
1996.481,0.0045049,0.607739
1996.5,0.0045575,0.603329
1996.519,0.0041059,0.600222
1996.539,0.0040862,0.598708
1996.558,0.0043934,0.598231
1996.577,0.0044381,0.600133
1996.596,0.0043336,0.596628
1996.615,0.0040685,0.589913
1996.635,0.0039406,0.585752
1996.654,0.0043337,0.585397
1996.673,0.004806,0.584685
1996.692,0.0048018,0.58305
1996.712,0.0044525,0.579155
1996.731,0.0041565,0.578841
1996.75,0.0040752,0.575538
1996.769,0.0040722,0.570332
1996.789,0.0039701,0.563106
1996.808,0.003957,0.554215
1996.827,0.0042655,0.547748
1996.846,0.0045855,0.548933
1996.865,0.004236,0.549613
1996.885,0.0037981,0.54929
1996.904,0.0038125,0.556582
1996.923,0.0041493,0.561382
1996.942,0.004263,0.563497
1996.962,0.0044895,0.566698
1996.981,0.0044522,0.571906
1997,0.0043004,0.575269
1997.019,0.0037976,0.57516
1997.039,0.0037256,0.569902
1997.058,0.0040619,0.568243
1997.077,0.0040953,0.562409
1997.096,0.003816,0.554696
1997.115,0.0035987,0.556103
1997.135,0.0035503,0.562622
1997.154,0.0037112,0.565495
1997.173,0.0038921,0.568489
1997.192,0.0034864,0.571688
1997.212,0.0035568,0.583161
1997.231,0.0037184,0.578922
1997.25,0.0038534,0.571082
1997.269,0.0039092,0.571273
1997.289,0.0040311,0.572536
1997.308,0.0041301,0.571926
1997.327,0.0042559,0.57233
1997.346,0.0044771,0.566799
1997.365,0.004871,0.563694
1997.385,0.0045572,0.566824
1997.404,0.0041787,0.559808
1997.423,0.004153,0.55883
1997.442,0.0044738,0.554156
1997.462,0.0044978,0.545045
1997.481,0.0045585,0.539179
1997.5,0.0044223,0.54079
1997.519,0.0042042,0.547833
1997.539,0.0040758,0.542998
1997.558,0.0043566,0.548475
1997.577,0.0041687,0.545114
1997.596,0.0041967,0.534803
1997.615,0.0046839,0.52896
1997.635,0.0045033,0.533299
1997.654,0.0040992,0.53117
1997.673,0.0039774,0.531042
1997.692,0.0037928,0.531962
1997.712,0.003945,0.535174
1997.731,0.0041609,0.546145
1997.75,0.0039269,0.554087
1997.769,0.0038158,0.55939
1997.789,0.0042146,0.562503
1997.808,0.0044789,0.564118
1997.827,0.0040979,0.569608
1997.846,0.00402,0.571012
1997.865,0.004064,0.568921
1997.885,0.0036623,0.564597
1997.904,0.0038649,0.563573
1997.923,0.0036252,0.570069
1997.942,0.0036072,0.577591
1997.962,0.0035874,0.583677
1997.981,0.0034429,0.58829
1998,0.0040374,0.598822
1998.019,0.0040937,0.604111
1998.039,0.0039499,0.601273
1998.058,0.003633,0.588747
1998.077,0.0036749,0.599187
1998.096,0.0037365,0.602263
1998.115,0.0038506,0.601448
1998.135,0.0039563,0.601314
1998.154,0.0039131,0.614363
1998.173,0.0034453,0.612704
1998.192,0.0038035,0.606826
1998.212,0.003749,0.602821
1998.231,0.0035149,0.607942
1998.25,0.0035273,0.609635
1998.269,0.0035705,0.61351
1998.289,0.0036476,0.61717
1998.308,0.0035982,0.615605
1998.327,0.0037039,0.619008
1998.346,0.003575,0.623533
1998.365,0.0039255,0.621647
1998.385,0.0040796,0.609313
1998.404,0.0040622,0.603091
1998.423,0.0042083,0.589105
1998.442,0.0040724,0.57571
1998.462,0.004336,0.565239
1998.481,0.0043728,0.554931
1998.5,0.0039155,0.542568
1998.519,0.0037393,0.541388
1998.539,0.0037139,0.547291
1998.558,0.0043834,0.550574
1998.577,0.0042382,0.566637
1998.596,0.0041785,0.578736
1998.615,0.0038064,0.582194
1998.635,0.0037185,0.576222
1998.654,0.0039124,0.584475
1998.673,0.0038936,0.597944
1998.692,0.0037468,0.608804
1998.712,0.0037585,0.614926
1998.731,0.0039512,0.619065
1998.75,0.0040332,0.613806
1998.769,0.0038471,0.608706
1998.789,0.0039046,0.606434
1998.808,0.0036102,0.608803
1998.827,0.0041197,0.588862
1998.846,0.003964,0.576738
1998.865,0.0038793,0.568203
1998.885,0.0040278,0.559718
1998.904,0.0036756,0.554608
1998.923,0.0037583,0.555558
1998.942,0.0037128,0.559601
1998.962,0.0036863,0.566094
1998.981,0.003765,0.576686
1999,0.003813,0.583767
1999.019,0.0039538,0.592347
1999.039,0.0038635,0.601217
1999.058,0.003883,0.607329
1999.077,0.0040326,0.608984
1999.096,0.0042182,0.61097
1999.115,0.0039688,0.614017
1999.135,0.0039163,0.61806
1999.154,0.003918,0.617741
1999.173,0.0040771,0.623212
1999.192,0.0038395,0.623304
1999.212,0.0040346,0.617975
1999.231,0.0041808,0.621353
1999.25,0.0044024,0.618015
1999.269,0.0043572,0.613883
1999.289,0.0041798,0.608666
1999.308,0.003941,0.600588
1999.327,0.0038607,0.603992
1999.346,0.0038314,0.600302
1999.365,0.0040033,0.596287
1999.385,0.0042592,0.597429
1999.404,0.0042552,0.602181
1999.423,0.0040884,0.599642
1999.442,0.004124,0.602695
1999.462,0.0044099,0.612059
1999.481,0.0042123,0.613712
1999.5,0.0040554,0.618513
1999.519,0.0039777,0.619562
1999.539,0.004168,0.616376
1999.558,0.0042151,0.609971
1999.577,0.0043007,0.617592
1999.596,0.0039553,0.619366
1999.615,0.0037811,0.610873
1999.635,0.0036694,0.596832
1999.654,0.0036161,0.584177
1999.673,0.0036252,0.575994
1999.692,0.0037594,0.571195
1999.712,0.0037037,0.568603
1999.731,0.0035968,0.571968
1999.75,0.003571,0.566934
1999.769,0.0036935,0.566419
1999.789,0.0037838,0.567634
1999.808,0.0037743,0.574243
1999.827,0.0037526,0.580218
1999.846,0.0036389,0.584222
1999.865,0.0034604,0.588272
1999.885,0.0036257,0.589046
1999.904,0.0036813,0.599545
1999.923,0.003732,0.600464
1999.942,0.00405,0.600464
1999.962,0.0040671,0.605339
1999.981,0.0039842,0.60113
2000,0.0039079,0.595835
2000.019,0.0037102,0.589505
2000.039,0.0035998,0.578935
2000.058,0.00363,0.56652
2000.077,0.0034959,0.554584
2000.096,0.0038754,0.53771
2000.115,0.0038757,0.529619
2000.135,0.0039251,0.516686
2000.154,0.0037666,0.510732
2000.173,0.0037885,0.51048
2000.192,0.003729,0.508776
2000.212,0.0035068,0.505806
2000.231,0.0034997,0.498638
2000.25,0.0035576,0.486415
2000.269,0.0036035,0.475396
2000.289,0.0036325,0.471617
2000.308,0.0037197,0.462487
2000.327,0.0035478,0.451512
2000.346,0.0035114,0.442205
2000.365,0.0040048,0.439809
2000.385,0.00376,0.433781
2000.404,0.003932,0.436026
2000.423,0.0034666,0.445935
2000.442,0.0034081,0.45384
2000.462,0.0039189,0.456279
2000.481,0.0038369,0.457064
2000.5,0.0038723,0.458508
2000.519,0.0041754,0.458594
2000.539,0.0039854,0.463632
2000.558,0.0043119,0.465515
2000.577,0.0040236,0.46893
2000.596,0.0043243,0.468613
2000.615,0.004301,0.468341
2000.635,0.0044619,0.472345
2000.654,0.004754,0.484402
2000.673,0.0045133,0.497025
2000.692,0.0041258,0.511898
2000.712,0.0042445,0.530627
2000.731,0.0039905,0.542899
2000.75,0.0041549,0.553471
2000.769,0.004029,0.560773
2000.789,0.0040716,0.563609
2000.808,0.003972,0.550853
2000.827,0.0039493,0.537009
2000.846,0.0039777,0.524133
2000.865,0.0039512,0.513873
2000.885,0.0038448,0.508245
2000.904,0.0036683,0.498452
2000.923,0.0036974,0.490321
2000.942,0.0037162,0.488557
2000.962,0.0037379,0.48712
2000.981,0.003543,0.489517
2001,0.0035609,0.493634
2001.019,0.0037822,0.497311
2001.039,0.0039508,0.49556
2001.058,0.0039072,0.498003
2001.077,0.0039993,0.503712
2001.096,0.0040696,0.511409
2001.115,0.0041315,0.520617
2001.135,0.0040179,0.521597
2001.154,0.003804,0.52313
2001.173,0.0041449,0.531695
2001.192,0.0041492,0.532558
2001.212,0.0041195,0.542574
2001.231,0.0041977,0.550674
2001.25,0.0040481,0.548249
2001.269,0.0040555,0.543015
2001.289,0.0044566,0.5367
2001.308,0.0038944,0.53282
2001.327,0.004078,0.534343
2001.346,0.0038477,0.527841
2001.365,0.0037705,0.525317
2001.385,0.0040233,0.523253
2001.404,0.0040169,0.51876
2001.423,0.0037697,0.514645
2001.442,0.0037204,0.507267
2001.462,0.0041825,0.500306
2001.481,0.0044821,0.497155
2001.5,0.0039427,0.498991
2001.519,0.0039284,0.499738
2001.539,0.0040705,0.498002
2001.558,0.0041111,0.492485
2001.577,0.0040617,0.490562
2001.596,0.0039462,0.49136
2001.615,0.0038601,0.493409
2001.635,0.0039464,0.495832
2001.654,0.004157,0.498469
2001.673,0.0043846,0.501702
2001.692,0.0043842,0.506833
2001.712,0.0041317,0.513288
2001.731,0.0040848,0.511767
2001.75,0.0041703,0.510136
2001.769,0.0042326,0.514129
2001.789,0.0041827,0.515598
2001.808,0.0038837,0.513868
2001.827,0.003703,0.511747
2001.846,0.0038153,0.50978
2001.865,0.0038451,0.512467
2001.885,0.003811,0.514517
2001.904,0.0038413,0.515357
2001.923,0.0039352,0.515934
2001.942,0.0039921,0.516357
2001.962,0.0040097,0.51911
2001.981,0.0040437,0.522309
2002,0.0040729,0.526188
2002.019,0.0040654,0.529154
2002.039,0.0040807,0.531321
2002.058,0.0040622,0.533316
2002.077,0.0040031,0.534918
2002.096,0.0038614,0.533362
2002.115,0.0037737,0.535043
2002.135,0.0037599,0.541887
2002.154,0.0038597,0.54591
2002.173,0.0038776,0.548802
2002.192,0.0039029,0.544193
2002.212,0.0039505,0.541509
2002.231,0.0040843,0.543555
2002.25,0.0041877,0.544358
2002.269,0.0042464,0.544235
2002.289,0.0042114,0.542159
2002.308,0.0042107,0.539916
2002.327,0.0042062,0.538336
2002.346,0.0041833,0.535587
2002.365,0.0042355,0.531556
2002.385,0.0042617,0.529479
2002.404,0.0042645,0.528158
2002.423,0.0042634,0.529875
2002.442,0.0040477,0.52971
2002.462,0.0037923,0.526487
2002.481,0.0036532,0.526137
2002.5,0.0038021,0.527233
2002.519,0.0038027,0.523768
2002.539,0.0035827,0.520515
2002.558,0.0039011,0.518759
2002.577,0.0038398,0.516389
2002.596,0.0037836,0.513445
2002.615,0.003909,0.512828
2002.635,0.004203,0.512977
2002.654,0.0042549,0.515434
2002.673,0.0043294,0.517619
2002.692,0.0043839,0.519432
2002.712,0.0043397,0.525067
2002.731,0.0040414,0.532301
2002.75,NA,0.533837
2002.769,NA,0.536606
2002.789,NA,0.542061
2002.808,NA,0.546995
2002.827,NA,0.551595
2002.846,NA,0.547974
2002.865,NA,0.543582
2002.885,NA,0.540169
2002.904,NA,0.53517
2002.923,NA,0.528667
2002.942,NA,0.521745
2002.962,NA,0.515226
2002.981,NA,0.514477
2003,NA,0.512517
2003.019,NA,0.508453
2003.039,NA,0.508264
2003.058,NA,0.510169
2003.077,NA,0.512596
2003.096,NA,0.515167
2003.115,NA,0.518106
2003.135,NA,0.51888
2003.154,NA,0.517906
2003.173,NA,0.520409
2003.192,NA,0.523455
2003.212,NA,0.525551
2003.231,NA,0.528763
2003.25,NA,0.533301
2003.269,NA,0.535566
2003.289,NA,0.536975
2003.308,NA,0.535943
2003.327,NA,0.536121
2003.346,NA,0.539001
2003.365,NA,0.535564
2003.385,NA,0.528655
2003.404,NA,0.525619
2003.423,NA,0.521982
2003.442,NA,0.515043
2003.462,NA,0.507871
2003.481,NA,0.500464
2003.5,NA,0.496341
2003.519,NA,0.493607
2003.539,NA,0.494403
2003.558,NA,0.493505
2003.577,NA,0.490081
2003.596,NA,0.490003
2003.615,NA,0.49421
2003.635,NA,0.490762
2003.654,NA,0.492658
