Age,BCa,LiCa,MgCa,SrCa,UCa
1907.04167,0.474644,0.00545,3.170269,8.838812,0.00136
1907.12499,0.474097,0.00537,3.318091,8.864106,0.00134
1907.20831,0.494231,0.00546,3.342688,8.778058,0.00131
1907.29163,0.46357,0.0055,3.378735,8.770897,0.00134
1907.37496,0.496,0.00563,3.55246,8.931436,0.00131
1907.45828,0.525395,0.00549,3.047795,8.981298,0.00149
1907.5416,0.501681,0.0053,2.876141,9.218983,0.00162
1907.62492,0.483722,0.00527,2.542249,9.262793,0.00174
1907.70824,0.554497,0.00567,2.937009,9.237264,0.00156
1907.79157,0.51328,0.00553,3.130708,9.023587,0.00139
1907.87489,0.471957,0.00525,3.17434,8.928948,0.00134
1907.95821,0.423157,0.00472,2.853488,8.958261,0.00144
1908.04153,0.382256,0.00457,2.479148,9.067507,0.00154
1908.12485,0.400128,0.0049,3.023579,8.845337,0.00143
1908.20818,0.40792,0.00495,3.288246,8.813647,0.0014
1908.2915,0.436241,0.00553,3.75224,8.808305,0.00135
1908.37482,0.502431,0.00616,4.167681,8.793805,0.0013
1908.45814,0.523559,0.00618,3.740403,8.781929,0.00134
1908.54146,0.494087,0.00565,2.808768,9.063675,0.00156
1908.62479,0.520618,0.00575,2.576761,9.353919,0.00169
1908.70811,0.526371,0.00544,2.76236,9.127964,0.00151
1908.79143,0.510364,0.00528,2.83353,9.037272,0.00143
1908.87475,0.496681,0.00556,2.909866,8.966601,0.00143
1908.95807,0.47596,0.00569,2.970458,9.017256,0.00142
1909.0414,0.471364,0.00558,3.292455,9.000819,0.00139
1909.12472,0.475684,0.00572,3.498405,8.697954,0.00129
1909.20804,0.493848,0.00582,3.544391,8.662915,0.00126
1909.29136,0.490077,0.00571,3.518048,8.820481,0.0013
1909.37468,0.481271,0.00543,3.289898,8.862003,0.00135
1909.45801,0.447336,0.00538,2.547773,8.97349,0.00157
1909.54133,0.416493,0.0055,2.221115,8.988464,0.00163
1909.62465,0.443259,0.00584,2.402471,9.146444,0.00168
1909.70797,0.508994,0.00635,2.864787,9.320203,0.00163
1909.79129,0.561222,0.0066,3.037699,9.144578,0.0015
1909.87462,0.549584,0.00675,3.190965,8.939965,0.00143
1909.95794,0.493551,0.0066,3.201888,8.891525,0.00138
1910.04126,0.424967,0.00586,2.998925,8.976464,0.00144
1910.12458,0.45198,0.00581,3.323511,8.791941,0.0013
1910.2079,0.440499,0.0058,3.111006,8.894765,0.00137
1910.29123,0.419422,0.00597,3.097313,8.940962,0.0014
1910.37455,0.467061,0.00632,3.626444,8.565733,0.00122
1910.45787,0.477203,0.00626,2.956508,8.917124,0.00143
1910.54119,0.465975,0.00593,2.380086,9.194721,0.00163
1910.62451,0.435446,0.00588,2.215399,9.177982,0.00162
1910.70784,0.467684,0.00583,2.483363,9.066659,0.00156
1910.79116,0.47982,0.00617,2.895016,9.249835,0.00155
1910.87448,0.450537,0.00634,3.191998,8.932893,0.00147
1910.9578,0.456136,0.00641,3.330329,8.992113,0.00142
1911.04112,0.444931,0.00642,3.38054,8.918355,0.00131
1911.12445,0.478781,0.00604,3.411851,8.842923,0.00125
1911.20777,0.461745,0.00586,3.080902,8.898412,0.00131
1911.29109,0.488654,0.00609,3.090856,8.787389,0.00133
1911.37441,0.489382,0.00629,3.215826,8.94505,0.00137
1911.45773,0.493618,0.00611,3.206065,8.901269,0.00138
1911.54106,0.484564,0.00596,2.761701,9.030243,0.00146
1911.62438,0.444696,0.0061,2.343306,9.258097,0.00167
1911.7077,0.436853,0.00618,2.252321,9.190791,0.00165
1911.79102,0.46629,0.00605,2.362492,9.168585,0.0015
1911.87434,0.476095,0.00614,2.680142,8.892662,0.0014
1911.95767,0.488891,0.00633,2.94523,8.822844,0.00135
1912.04099,0.472964,0.00628,3.099271,8.894373,0.00139
1912.12431,0.478186,0.00615,3.213682,8.802781,0.00133
1912.20763,0.484672,0.006,3.265624,8.778648,0.00132
1912.29096,0.468151,0.00599,3.259335,8.803861,0.00132
1912.37428,0.479901,0.00643,3.095718,8.792919,0.00135
1912.4576,0.493614,0.00648,3.200742,9.045529,0.0014
1912.54092,0.496266,0.00658,2.846139,8.996739,0.00148
1912.62424,0.481972,0.00697,2.497763,9.211155,0.00163
1912.70757,0.485978,0.00711,2.534399,9.222477,0.00164
1912.79089,0.515531,0.00697,2.817243,9.072783,0.00152
1912.87421,0.512423,0.00624,2.894697,9.04423,0.00142
1912.95753,0.492683,0.00604,2.986231,9.188501,0.00146
1913.04085,0.463971,0.00638,2.918836,8.974506,0.00144
1913.12418,0.438291,0.00617,2.798921,8.873478,0.00142
1913.2075,0.429962,0.00604,2.862723,8.822507,0.00138
1913.29082,0.450332,0.0061,2.84732,8.88739,0.00138
1913.37414,0.47249,0.00622,2.805505,9.069296,0.00151
1913.45746,0.447332,0.00632,2.6706,9.065499,0.00162
1913.54079,0.450236,0.00634,2.618732,9.203786,0.00167
1913.62411,0.477308,0.00635,2.585551,9.373109,0.00168
1913.70743,0.47351,0.00627,2.48663,9.113129,0.00153
1913.79075,0.45621,0.00603,2.512549,8.925212,0.00145
1913.87407,0.405001,0.00578,2.353503,9.002688,0.0015
1913.9574,0.434189,0.00581,2.672314,8.98746,0.00144
1914.04072,0.477577,0.00605,2.888511,8.919715,0.00137
1914.12404,0.471927,0.00588,2.743351,8.971609,0.00145
1914.20736,0.49203,0.0059,2.850372,8.950745,0.00148
1914.29068,0.493348,0.006,2.828633,8.905539,0.00148
1914.37401,0.45965,0.00618,2.743238,9.215833,0.00162
1914.45733,0.433612,0.00647,2.425146,9.517121,0.00173
1914.54065,0.41563,0.00617,2.128683,9.324885,0.00175
1914.62397,0.425035,0.00561,2.012503,9.507051,0.00181
1914.70729,0.404025,0.00523,2.01424,9.107938,0.00161
1914.79062,0.417336,0.00548,2.328709,9.056636,0.00149
1914.87394,0.404611,0.00538,2.439869,8.99184,0.00148
1914.95726,0.404544,0.0052,2.462324,8.923615,0.00145
1915.04058,0.395979,0.00526,2.379491,8.84235,0.00146
1915.1239,0.423937,0.00581,2.702695,8.833787,0.00143
1915.20723,0.442761,0.00631,2.794165,8.921249,0.00142
1915.29055,0.440989,0.00637,2.831155,8.992177,0.00145
1915.37387,0.456796,0.00619,3.079643,9.017018,0.00146
1915.45719,0.474038,0.00596,3.0316,9.096083,0.00152
1915.54051,0.473168,0.00576,2.841196,9.153658,0.00156
1915.62384,0.46613,0.0057,2.387465,9.23192,0.0017
1915.70716,0.464901,0.00571,2.358789,9.179804,0.00163
1915.79048,0.493134,0.00593,2.833422,8.986437,0.0015
1915.8738,0.505519,0.00606,3.186364,9.033984,0.00138
1915.95712,0.442852,0.0056,3.000099,8.871782,0.00138
1916.04045,0.439918,0.00522,2.759863,9.011194,0.00149
1916.12377,0.449162,0.00552,2.967805,8.864477,0.00146
1916.20709,0.476123,0.00593,3.220955,8.851124,0.0014
1916.29041,0.510387,0.00605,3.227788,8.802299,0.0014
1916.37373,0.52049,0.00594,3.26323,9.044885,0.00145
1916.45706,0.494451,0.00571,3.036787,9.186721,0.00158
1916.54038,0.486507,0.00574,2.973167,9.233414,0.00162
1916.6237,0.465328,0.00541,2.461115,9.260802,0.00168
1916.70702,0.471042,0.00534,2.3856,9.031261,0.00154
1916.79034,0.470098,0.00547,2.85518,8.822505,0.00135
1916.87367,0.438757,0.00557,3.061247,8.888369,0.00135
1916.95699,0.444741,0.00557,2.985994,8.854807,0.00135
1917.04031,0.456543,0.00563,3.140147,8.807905,0.00131
1917.12363,0.455746,0.00576,3.022694,8.816667,0.00138
1917.20695,0.478334,0.00655,2.975154,8.902966,0.00144
1917.29028,0.504343,0.00722,3.156991,9.149192,0.00146
1917.3736,0.495705,0.00726,3.223993,9.136529,0.00148
1917.45692,0.478333,0.00702,3.214368,9.191548,0.00154
1917.54024,0.484406,0.00631,3.138618,9.248784,0.00158
1917.62356,0.480041,0.00576,2.537237,9.322743,0.00167
1917.70689,0.51832,0.00581,2.885152,9.03735,0.00146
1917.79021,0.506458,0.006,3.284453,8.917368,0.00131
1917.87353,0.479505,0.00607,3.256336,8.707771,0.00129
1917.95685,0.484362,0.00604,3.198227,8.882607,0.00132
1918.04018,0.464148,0.00595,3.190129,8.748566,0.00128
1918.1235,0.471296,0.0064,3.499325,8.504608,0.00125
1918.20682,0.491785,0.00702,3.916619,8.739064,0.00126
1918.29014,0.531371,0.00716,3.838029,9.1362,0.00143
1918.37346,0.534803,0.00688,3.514925,9.022477,0.00147
1918.45679,0.532677,0.00655,3.193849,9.227246,0.00157
1918.54011,0.525913,0.00635,2.936915,9.286495,0.00162
1918.62343,0.514923,0.00666,2.856922,9.334974,0.00164
1918.70675,0.537979,0.00662,2.781722,9.160383,0.00151
1918.79007,0.50217,0.00607,3.030345,9.052578,0.0014
1918.8734,0.449402,0.00599,3.258371,8.947082,0.00134
1918.95672,0.458624,0.00585,3.593614,8.901542,0.00124
1919.04004,0.450057,0.00556,3.285864,8.875874,0.0013
1919.12336,0.467431,0.00583,3.299694,8.766415,0.00128
1919.20668,0.470178,0.00618,3.459826,8.739757,0.00127
1919.29001,0.493459,0.0064,3.274005,8.936667,0.0014
1919.37333,0.511795,0.00628,3.228438,8.911375,0.00142
1919.45665,0.492101,0.00641,3.221383,9.18747,0.00151
1919.53997,0.49668,0.00675,3.318363,9.15767,0.00155
1919.62329,0.487813,0.00679,2.739665,9.292896,0.00174
1919.70662,0.493606,0.00694,2.838212,9.250348,0.00166
1919.78994,0.536363,0.00686,3.113036,9.177146,0.00151
1919.87326,0.516071,0.00641,3.244098,9.094652,0.00143
1919.95658,0.465681,0.00621,3.178625,9.076086,0.00136
1920.0399,0.413203,0.00605,3.125544,8.926242,0.00136
1920.12323,0.425897,0.00576,3.112645,8.94068,0.00137
1920.20655,0.414615,0.00584,2.945326,8.919247,0.00139
1920.28987,0.441748,0.00639,3.060079,8.87486,0.00137
1920.37319,0.524147,0.00662,3.613255,9.049016,0.00129
1920.45651,0.510681,0.00685,3.5648,8.950474,0.00133
1920.53984,0.503592,0.00681,3.457315,9.066886,0.00141
1920.62316,0.51784,0.00652,3.203775,9.205879,0.00154
1920.70648,0.501572,0.00685,2.935654,9.146866,0.00154
1920.7898,0.519311,0.00663,3.058756,9.161995,0.00146
1920.87312,0.484691,0.00605,2.899071,9.003375,0.00143
1920.95645,0.457718,0.0057,2.892815,8.932396,0.00141
1921.03977,0.424929,0.00564,2.820025,8.855937,0.00138
1921.12309,0.453543,0.00592,3.092527,8.719511,0.0013
1921.20641,0.438935,0.00584,3.14806,8.906683,0.00134
1921.28973,0.487917,0.00638,3.671632,8.795922,0.0013
1921.37306,0.499243,0.00684,3.735791,8.852821,0.00134
1921.45638,0.504059,0.00718,3.459634,8.8928,0.00142
1921.5397,0.494932,0.00677,2.997369,9.013952,0.00153
1921.62302,0.434712,0.00567,2.137218,9.313493,0.00172
1921.70634,0.485093,0.0055,2.635796,8.995685,0.00145
1921.78967,0.451351,0.00562,2.763754,9.097235,0.00143
1921.87299,0.442929,0.00573,2.953747,8.708406,0.00133
1921.95631,0.451052,0.00604,3.113336,8.939796,0.00136
1922.03963,0.467461,0.00643,3.444625,8.852636,0.00128
1922.12295,0.464077,0.00666,3.653503,8.793564,0.00122
1922.20628,0.450016,0.00681,3.706705,8.802995,0.00122
1922.2896,0.458428,0.0072,3.572562,8.867258,0.00134
1922.37292,0.47198,0.00713,3.458872,8.993774,0.00143
1922.45624,0.475474,0.00646,3.1578,9.091247,0.00148
1922.53956,0.488762,0.00602,2.932803,9.156295,0.00155
1922.62289,0.506451,0.00616,2.869577,9.161593,0.00161
1922.70621,0.515623,0.00624,2.860232,9.230105,0.00154
1922.78953,0.493382,0.00595,2.717653,8.981459,0.0015
1922.87285,0.50938,0.00628,3.331721,9.062653,0.00137
1922.95617,0.494194,0.0065,3.456192,9.043385,0.00134
1923.0395,0.491991,0.00621,3.279393,8.999746,0.00137
1923.12282,0.465785,0.00636,3.369674,8.774498,0.00131
1923.20614,0.444128,0.00649,3.528399,8.935059,0.00132
1923.28946,0.452496,0.00693,3.480003,8.824989,0.00135
1923.37278,0.454154,0.00699,3.286463,9.041706,0.00153
1923.45611,0.459551,0.00731,3.286252,9.124626,0.00157
1923.53943,0.500153,0.00719,3.055698,9.213152,0.00161
1923.62275,0.508573,0.0073,2.831216,9.240405,0.00167
1923.70607,0.539877,0.00738,2.953629,9.190755,0.00161
1923.7894,0.510558,0.00644,2.709134,9.105073,0.00152
1923.87272,0.450549,0.00615,2.79097,8.928347,0.0014
1923.95604,0.463023,0.00663,3.042503,8.936736,0.00138
1924.03936,0.438303,0.00668,3.095822,9.051325,0.00142
1924.12268,0.448344,0.00687,3.640721,8.917162,0.0013
1924.20601,0.447134,0.00665,3.588414,8.923874,0.00132
1924.28933,0.470411,0.00655,3.60811,8.961995,0.00134
1924.37265,0.479497,0.0068,3.564771,8.842066,0.00136
1924.45597,0.491571,0.00717,3.672022,8.813574,0.00139
1924.53929,0.518442,0.00724,3.391116,9.121263,0.00151
1924.62262,0.52907,0.0071,2.981181,9.357637,0.00166
1924.70594,0.514151,0.00694,2.773307,9.099859,0.00151
1924.78926,0.509978,0.00651,3.1147,8.808134,0.00133
1924.87258,0.478422,0.00646,3.450469,8.991741,0.00133
1924.9559,0.437149,0.00624,3.285287,8.938511,0.00129
1925.03923,0.458748,0.00639,3.727045,9.095844,0.00124
1925.12255,0.438309,0.00598,3.216227,8.906577,0.00128
1925.20587,0.434167,0.00571,3.227754,8.834998,0.00132
1925.28919,0.457512,0.00626,3.521415,9.081944,0.00138
1925.37251,0.481684,0.00714,3.706371,9.027322,0.00142
1925.45584,0.490062,0.00775,3.828044,9.159434,0.00144
1925.53916,0.461938,0.00772,3.307661,9.085742,0.00158
1925.62248,0.453506,0.00718,2.814709,9.275831,0.00167
1925.7058,0.44433,0.0062,2.500383,9.177339,0.0016
1925.78912,0.439978,0.00591,2.702084,8.804846,0.00145
1925.87245,0.438358,0.00589,3.044844,8.752159,0.00131
1925.95577,0.391818,0.00599,2.924206,9.103631,0.00139
1926.03909,0.392077,0.00613,2.949356,9.029184,0.00145
1926.12241,0.429271,0.00618,3.302258,8.91211,0.0013
1926.20573,0.433514,0.00617,3.172114,8.899116,0.00135
1926.28906,0.438334,0.00637,3.400487,8.86248,0.00127
1926.37238,0.452021,0.0067,3.453683,9.112849,0.00139
1926.4557,0.446019,0.0066,3.42285,9.11819,0.00146
1926.53902,0.450023,0.00642,3.391322,9.02155,0.00147
1926.62234,0.472695,0.00608,2.872306,9.251987,0.00161
1926.70567,0.469875,0.00561,2.406581,9.147555,0.00155
1926.78899,0.471819,0.00555,2.462961,9.083756,0.0015
1926.87231,0.473586,0.00551,2.978789,8.999168,0.00137
1926.95563,0.437889,0.00571,3.111057,8.853516,0.0013
1927.03895,0.38332,0.00579,3.036023,8.664739,0.00125
1927.12228,0.404786,0.00641,3.358861,8.810834,0.00124
1927.2056,0.494781,0.00837,3.764782,8.83675,0.00129
1927.28892,0.524615,0.00792,3.86196,8.921872,0.00128
1927.37224,0.54706,0.00695,3.529885,9.101611,0.00146
1927.45556,0.55128,0.00665,3.293523,9.103795,0.00153
1927.53889,0.534713,0.00612,2.961727,9.043678,0.00159
1927.62221,0.489146,0.0053,2.407946,9.247823,0.00166
1927.70553,0.509635,0.00558,2.548797,8.991102,0.0015
1927.78885,0.495301,0.00579,2.756771,9.01827,0.00144
1927.87217,0.486798,0.00578,2.990321,9.013844,0.00141
1927.9555,0.469048,0.00571,3.093503,8.83877,0.00136
1928.03882,0.479294,0.00572,3.192417,9.033228,0.00144
1928.12214,0.48374,0.00578,3.14841,9.040033,0.00142
1928.20546,0.492024,0.00569,2.99297,9.002274,0.00143
1928.28878,0.467837,0.00573,2.816842,9.008309,0.00144
1928.37211,0.501728,0.0062,3.10731,9.134228,0.0014
1928.45543,0.535108,0.00672,3.413652,8.903999,0.00134
1928.53875,0.533416,0.0066,3.159958,8.963222,0.00143
1928.62207,0.503281,0.00616,2.662636,9.216376,0.00161
1928.70539,0.465627,0.00577,2.556974,9.097912,0.00151
1928.78872,0.456397,0.00599,2.911599,8.824523,0.00142
1928.87204,0.44285,0.00609,3.10269,8.939697,0.00138
1928.95536,0.43711,0.00589,2.995473,8.949463,0.00139
1929.03868,0.439737,0.00597,3.088419,8.925336,0.00132
1929.12201,0.436507,0.00597,3.190812,8.884106,0.00126
1929.20533,0.421916,0.00604,3.052068,8.845034,0.0013
1929.28865,0.468365,0.00671,3.298362,8.911608,0.00136
1929.37197,0.517522,0.00713,3.456757,8.935542,0.00142
1929.45529,0.527749,0.00728,3.332085,8.984585,0.00147
1929.53862,0.514785,0.00703,3.106668,9.175415,0.00157
1929.62194,0.536952,0.00667,2.881002,9.25153,0.00164
1929.70526,0.55494,0.00651,2.72982,9.165277,0.00153
1929.78858,0.51946,0.00646,2.889841,8.928721,0.0014
1929.8719,0.48017,0.00623,3.049575,8.67771,0.00129
1929.95523,0.486949,0.00599,2.947471,8.834845,0.00133
1930.03855,0.512742,0.00615,3.214651,8.94314,0.00127
1930.12187,0.50542,0.00637,3.553468,8.777189,0.00123
1930.20519,0.498725,0.0065,3.50503,8.970702,0.00133
1930.28851,0.502921,0.00697,3.476109,8.946037,0.00134
1930.37184,0.51982,0.00712,3.617105,8.836633,0.00131
1930.45516,0.52957,0.00689,3.449456,9.015669,0.00137
1930.53848,0.504493,0.00629,2.891462,9.130432,0.00155
1930.6218,0.475355,0.00648,2.438065,9.394351,0.00172
1930.70512,0.507681,0.0064,2.523731,9.087696,0.00152
1930.78845,0.534807,0.0061,2.87325,9.022894,0.0014
1930.87177,0.518237,0.00577,2.890946,9.00876,0.00137
1930.95509,0.447385,0.00562,2.828719,8.864349,0.00133
1931.03841,0.435093,0.00573,3.087433,8.865131,0.00128
1931.12173,0.465282,0.00597,3.550315,8.712351,0.00117
1931.20506,0.493611,0.00654,3.516036,8.900181,0.00128
1931.28838,0.509698,0.00717,3.882213,8.994341,0.00127
1931.3717,0.518326,0.00698,3.419828,8.996791,0.00133
1931.45502,0.534207,0.00687,3.349165,9.109994,0.00141
1931.53834,0.517743,0.00666,2.943518,9.252509,0.00156
1931.62167,0.497063,0.00651,2.627659,9.232051,0.00164
1931.70499,0.508411,0.0065,2.704395,9.173158,0.00156
1931.78831,0.496796,0.0061,2.852383,9.026462,0.00137
1931.87163,0.478892,0.00567,3.037099,8.760886,0.00129
1931.95495,0.44279,0.00559,2.914364,8.637425,0.00132
1932.03828,0.43466,0.00558,3.113984,8.688062,0.00128
1932.1216,0.474785,0.00567,3.393186,8.625673,0.0012
1932.20492,0.497496,0.00587,3.144953,8.774593,0.00132
1932.28824,0.495339,0.0062,3.103923,8.955727,0.00134
1932.37156,0.487371,0.00593,2.944311,8.986128,0.00144
1932.45489,0.476619,0.00585,2.985829,9.122753,0.00144
1932.53821,0.507254,0.0061,3.017745,9.06215,0.00143
1932.62153,0.490642,0.00571,2.468932,9.300983,0.0016
1932.70485,0.496785,0.00596,2.527935,9.146993,0.00155
1932.78817,0.505937,0.00622,2.964624,8.835264,0.0014
1932.8715,0.491471,0.0063,3.186649,8.822995,0.00131
1932.95482,0.442176,0.00632,3.062987,8.822325,0.00134
1933.03814,0.441473,0.0063,3.391204,8.716018,0.00129
1933.12146,0.45815,0.00602,3.199171,8.701099,0.00128
1933.20478,0.444151,0.0063,3.38694,8.726953,0.00126
1933.28811,0.460505,0.00663,3.272229,9.052459,0.00136
1933.37143,0.489381,0.00718,3.817704,8.89494,0.00124
1933.45475,0.482016,0.00712,3.509758,8.909054,0.0013
1933.53807,0.475481,0.00711,3.498576,8.908944,0.00135
1933.62139,0.461874,0.00621,2.546319,9.343367,0.00165
1933.70472,0.506985,0.00576,2.65095,9.037036,0.00146
1933.78804,0.472401,0.00573,2.889546,8.874007,0.00134
1933.87136,0.440524,0.00552,2.843635,8.829617,0.0014
1933.95468,0.457687,0.00546,2.822115,8.950705,0.00139
1934.038,0.449014,0.00536,2.96286,8.895438,0.0013
1934.12133,0.411662,0.00515,2.670601,8.742092,0.00137
1934.20465,0.455034,0.00538,2.785849,8.886288,0.00136
1934.28797,0.468119,0.00589,2.881617,9.109499,0.00142
1934.37129,0.481982,0.00615,2.955819,8.952949,0.00142
1934.45461,0.503163,0.00607,2.888476,9.192368,0.00153
1934.53794,0.484781,0.00597,2.719438,9.183648,0.00157
1934.62126,0.474908,0.00567,2.376263,9.332629,0.00166
1934.70458,0.446617,0.00534,2.25295,9.067749,0.00153
1934.7879,0.438417,0.00551,2.795974,8.805989,0.00137
1934.87123,0.422787,0.00592,3.189338,9.011213,0.00133
1934.95455,0.392901,0.00553,2.916656,8.823204,0.00131
1935.03787,0.378515,0.00547,2.976636,8.727501,0.00129
1935.12119,0.40167,0.00574,3.250335,8.900745,0.0013
1935.20451,0.438145,0.00582,3.078833,8.884813,0.00134
1935.28784,0.451535,0.00588,3.303834,8.797192,0.00131
1935.37116,0.470764,0.00595,2.908399,9.12169,0.00147
1935.45448,0.479602,0.00619,2.828047,9.171343,0.00154
1935.5378,0.470162,0.00639,2.889068,9.091023,0.00151
1935.62112,0.435432,0.00673,2.456315,9.247919,0.00168
1935.70445,0.47098,0.00701,2.697193,9.12667,0.00158
1935.78777,0.470186,0.00685,2.853978,9.050359,0.00149
1935.87109,0.448779,0.0065,2.892636,9.056682,0.00146
1935.95441,0.443432,0.0064,2.915883,9.101243,0.00145
1936.03773,0.428085,0.0066,3.107484,9.074797,0.00139
1936.12106,0.412124,0.00656,3.165021,8.973931,0.00139
1936.20438,0.402217,0.00614,3.064336,8.943355,0.00145
1936.2877,0.403818,0.00599,2.856298,9.144685,0.00154
1936.37102,0.409388,0.00597,2.659023,9.326626,0.00164
1936.45434,0.409976,0.00623,2.743911,9.291467,0.00162
1936.53767,0.412545,0.00645,2.892525,9.211786,0.00159
1936.62099,0.436818,0.00626,2.845739,9.226338,0.00163
1936.70431,0.497141,0.00678,3.102869,8.980136,0.00141
1936.78763,0.508008,0.00679,3.08216,9.034371,0.00143
1936.87095,0.485656,0.00641,2.708248,9.028716,0.00151
1936.95428,0.498689,0.00592,3.354728,8.955406,0.00137
1937.0376,0.44166,0.00525,3.317022,9.012422,0.00137
1937.12092,0.469401,0.00568,3.351602,8.94415,0.0013
1937.20424,0.447667,0.00566,3.31532,8.956362,0.00133
1937.28756,0.461023,0.00567,3.6907,8.797799,0.00125
1937.37089,0.478871,0.00576,3.71923,8.769277,0.00125
1937.45421,0.486212,0.00578,3.494242,8.908019,0.00137
1937.53753,0.462271,0.00573,3.244629,9.007047,0.00142
1937.62085,0.493138,0.00587,2.921311,9.119328,0.00157
1937.70417,0.519598,0.0057,2.924813,9.069683,0.00151
1937.7875,0.526894,0.00571,2.72961,9.103999,0.00147
1937.87082,0.51946,0.00531,3.123133,8.9167,0.00132
1937.95414,0.42159,0.00517,2.781318,8.781127,0.0014
1938.03746,0.420035,0.00534,2.893784,8.835498,0.00136
1938.12078,0.462971,0.00547,3.380919,8.91038,0.00133
1938.20411,0.465618,0.00559,3.44274,8.70773,0.00127
1938.28743,0.49803,0.00595,3.34806,8.861494,0.00138
1938.37075,0.513443,0.00619,3.39484,9.034268,0.00139
1938.45407,0.516031,0.00578,2.838558,9.145343,0.00152
1938.53739,0.524905,0.00573,2.942552,9.120433,0.0015
1938.62072,0.548782,0.00569,2.930252,9.103157,0.00153
1938.70404,0.530055,0.0057,3.108495,8.835868,0.00133
1938.78736,0.490328,0.00578,3.335503,8.92046,0.00135
1938.87068,0.458527,0.00558,3.362347,9.193203,0.00146
1938.954,0.457909,0.00534,3.283375,8.942231,0.00135
1939.03733,0.439328,0.00513,3.327554,8.832029,0.00134
1939.12065,0.447443,0.00521,3.402758,8.836908,0.00136
1939.20397,0.468916,0.00545,3.651418,8.947643,0.00131
1939.28729,0.467728,0.00605,3.76056,8.64934,0.00121
1939.37061,0.476882,0.00593,3.557473,9.091758,0.00135
1939.45394,0.493279,0.00582,3.335188,9.278015,0.00148
1939.53726,0.494861,0.00568,3.029771,8.956957,0.00151
1939.62058,0.47243,0.00543,2.770732,9.143113,0.00166
1939.7039,0.488564,0.00542,2.511873,9.011807,0.00162
1939.78722,0.495713,0.00556,2.661576,9.005121,0.00153
1939.87055,0.423729,0.00505,2.415407,9.142416,0.00155
1939.95387,0.387865,0.00498,2.628992,9.047439,0.00151
1940.03719,0.440943,0.00502,3.381517,8.691521,0.00129
1940.12051,0.445939,0.00497,3.264686,8.722513,0.00127
1940.20383,0.414215,0.00479,3.06525,8.76544,0.00133
1940.28716,0.424505,0.0052,3.065882,9.029068,0.00147
1940.37048,0.496887,0.00558,3.489491,8.996896,0.00139
1940.4538,0.50483,0.00622,3.576751,8.775178,0.0013
1940.53712,0.541012,0.00596,3.686328,8.853131,0.00127
1940.62045,0.527838,0.00563,3.064418,9.003345,0.00154
1940.70377,0.536205,0.00542,2.894302,9.309138,0.00158
1940.78709,0.539465,0.00543,2.816942,9.023994,0.00146
1940.87041,0.505083,0.00545,2.942674,8.989332,0.00134
1940.95373,0.471039,0.00514,2.927276,8.731172,0.00133
1941.03706,0.400409,0.00505,2.764533,8.914086,0.0014
1941.12038,0.414346,0.00525,3.178061,8.819979,0.00132
1941.2037,0.440547,0.00532,3.528667,8.77548,0.00125
1941.28702,0.441684,0.00561,3.282622,8.6746,0.00129
1941.37034,0.494687,0.00595,3.822405,8.746039,0.00123
1941.45367,0.508714,0.00585,3.760248,8.983465,0.00137
1941.53699,0.523883,0.00579,3.653496,9.06229,0.00141
1941.62031,0.539231,0.00592,3.298071,9.293602,0.00152
1941.70363,0.535304,0.006,3.263232,9.058879,0.00143
1941.78695,0.523008,0.006,3.145069,8.970588,0.00143
1941.87028,0.520759,0.00596,3.000912,9.024189,0.00147
1941.9536,0.50877,0.00558,2.821053,8.994622,0.00148
1942.03692,0.477364,0.00528,2.609998,8.829844,0.00146
1942.12024,0.498484,0.00546,2.821568,8.785641,0.00138
1942.20356,0.50118,0.00549,3.080255,8.738183,0.00132
1942.28689,0.502129,0.00561,3.251013,8.70319,0.00128
1942.37021,0.487613,0.00564,3.249849,8.747017,0.00128
1942.45353,0.457557,0.00554,3.215038,8.778225,0.00129
1942.53685,0.425546,0.00519,3.168164,8.818413,0.00131
1942.62017,0.398902,0.00483,2.662975,9.246817,0.00145
1942.7035,0.402418,0.00483,2.766657,8.916924,0.00138
1942.78682,0.400397,0.0051,3.045739,8.665665,0.0013
1942.87014,0.401909,0.00539,3.42747,8.769208,0.00131
1942.95346,0.418854,0.00536,3.86188,8.726259,0.00122
1943.03678,0.426118,0.00524,3.606862,8.841284,0.00131
1943.12011,0.425189,0.0054,3.298629,8.931385,0.00142
1943.20343,0.438182,0.00552,3.392098,8.87198,0.00138
1943.28675,0.459472,0.00538,3.354487,8.929343,0.00137
1943.37007,0.462838,0.00555,3.354468,8.88875,0.00136
1943.45339,0.459433,0.00591,3.437293,8.861165,0.00133
1943.53672,0.491954,0.00564,3.39565,8.95713,0.00141
1943.62004,0.505519,0.00583,2.870344,9.316694,0.0016
1943.70336,0.501479,0.00633,2.831732,9.256251,0.00159
1943.78668,0.528053,0.00619,3.273266,9.172962,0.00143
1943.87,0.521724,0.00556,3.201828,9.1908,0.00143
1943.95333,0.495205,0.00528,2.752031,9.207835,0.00154
1944.03665,0.498228,0.00515,2.667178,9.099302,0.00153
1944.11997,0.476312,0.00506,2.673567,8.949208,0.00147
1944.203292,0.446046,0.00533,2.838933,8.967897,0.00137
1944.286614,0.456134,0.00562,3.348188,8.797344,0.00128
1944.369936,0.429248,0.00534,3.285239,8.821939,0.00132
1944.453258,0.394968,0.00503,2.872081,8.978192,0.00142
1944.53658,0.420935,0.00513,2.905581,8.963109,0.00143
1944.619902,0.411755,0.0049,2.932096,9.072857,0.0015
1944.703224,0.427817,0.00511,3.224365,9.00252,0.00139
1944.786546,0.425467,0.00533,3.368505,8.940046,0.00132
1944.869868,0.396988,0.00541,3.294433,8.925205,0.00136
1944.95319,0.406306,0.00553,3.541785,8.801115,0.00131
1945.036512,0.422789,0.00566,3.668175,8.768357,0.00127
1945.119834,0.437248,0.00571,3.554136,8.868203,0.0013
1945.203156,0.444283,0.00555,3.433637,8.87122,0.00133
1945.286478,0.453336,0.0056,3.435518,8.835151,0.00133
1945.3698,0.463917,0.00593,3.529508,8.816741,0.00131
1945.453122,0.450915,0.00576,3.119127,9.118774,0.00148
1945.536444,0.436524,0.0055,2.781272,9.366073,0.00161
1945.619766,0.430808,0.00551,2.719629,9.420907,0.00163
1945.703088,0.456976,0.00589,3.032643,9.190496,0.00153
1945.78641,0.488518,0.00628,3.339438,9.03126,0.00143
1945.869732,0.512316,0.00639,3.477456,9.022923,0.00137
1945.953055,0.489389,0.00608,3.147539,8.884442,0.00139
1946.036377,0.470082,0.00576,2.834506,8.858204,0.00141
1946.119699,0.472226,0.00573,2.710347,8.985031,0.00142
1946.203021,0.507089,0.00604,2.904439,8.912331,0.00139
1946.286343,0.521289,0.00618,3.129612,8.795199,0.00135
1946.369665,0.499024,0.00596,3.274569,8.719994,0.00132
1946.452987,0.467318,0.00544,3.156418,8.991993,0.00138
1946.536309,0.430164,0.00493,2.916559,9.200586,0.00144
1946.619631,0.39646,0.005,2.697255,9.187879,0.00148
1946.702953,0.419686,0.00549,3.217136,8.86758,0.00135
1946.786275,0.432668,0.00544,3.391522,8.745273,0.00129
1946.869597,0.453709,0.00531,3.321245,8.621405,0.00124
1946.952919,0.452262,0.0056,3.530558,8.563943,0.00124
1947.036241,0.450853,0.00571,3.894774,8.652498,0.00121
1947.119563,0.443745,0.00577,3.724207,8.891412,0.00131
1947.202885,0.466083,0.00627,3.736601,8.846812,0.00129
1947.286207,0.504345,0.00656,4.006165,8.743256,0.00123
1947.369529,0.51591,0.00635,3.546787,8.917914,0.00136
1947.452851,0.500301,0.00609,3.119758,9.030098,0.00147
1947.536173,0.502687,0.00592,2.960904,8.973711,0.00149
1947.619495,0.504355,0.00582,2.873718,9.000102,0.00151
1947.702817,0.501662,0.00595,2.954521,8.990801,0.00148
1947.786139,0.517692,0.00648,3.429336,8.990611,0.00139
1947.869461,0.476071,0.00646,3.626815,8.94373,0.00132
1947.952783,0.464322,0.00652,4.007503,8.839097,0.00123
1948.036105,0.467566,0.00679,4.348608,8.642614,0.0012
1948.119427,0.457224,0.00703,4.058724,8.727078,0.00123
1948.202749,0.440386,0.00669,4.092573,8.694041,0.00123
1948.286071,0.462611,0.00628,3.808136,8.68587,0.00127
1948.369393,0.482334,0.00612,3.391094,9.070569,0.00139
1948.452715,0.479283,0.00639,3.30785,9.20358,0.00142
1948.536037,0.5085,0.00681,3.3218,9.043827,0.00139
1948.619359,0.490499,0.00703,3.051519,9.164617,0.00151
1948.702681,0.472156,0.00689,2.973577,9.016488,0.00147
1948.786004,0.463372,0.00675,3.122673,9.160944,0.0014
1948.869326,0.460643,0.00699,3.640477,8.926876,0.00129
1948.952648,0.467442,0.00777,4.436598,8.941366,0.00126
1949.03597,0.479446,0.00757,4.110177,8.820928,0.00127
1949.119292,0.499695,0.00711,3.878032,8.934118,0.0013
1949.202614,0.49876,0.00734,3.889558,8.954538,0.00133
1949.285936,0.484779,0.00719,3.766308,8.764061,0.00127
1949.369258,0.495393,0.00699,3.435719,8.718968,0.0013
1949.45258,0.523127,0.0071,3.362776,9.007346,0.00141
1949.535902,0.518419,0.00704,3.287104,9.122678,0.00147
1949.619224,0.522584,0.00684,3.084616,9.284797,0.00154
1949.702546,0.559564,0.00731,3.546523,8.905669,0.0014
1949.785868,0.529462,0.00722,3.418077,8.86746,0.00136
1949.86919,0.511229,0.00687,3.553479,8.904723,0.00131
1949.952512,0.507133,0.00691,3.763344,8.789647,0.00126
1950.035834,0.487901,0.00662,3.400914,8.847692,0.00137
1950.119156,0.48042,0.00651,3.687021,8.879973,0.00134
1950.202478,0.497326,0.0069,3.82291,8.889621,0.00132
1950.2858,0.519866,0.00715,4.033838,8.797685,0.00128
1950.369122,0.510656,0.00696,4.009697,8.889291,0.0013
1950.452444,0.542758,0.00736,3.974886,8.966074,0.00132
1950.535766,0.53338,0.00725,3.804338,9.142403,0.00137
1950.619088,0.533181,0.00721,3.557808,9.331116,0.0015
1950.70241,0.528697,0.00734,3.26848,9.200987,0.00143
1950.785732,0.476757,0.00675,3.226688,9.201517,0.00139
1950.869054,0.47797,0.00639,3.564112,8.689975,0.00119
1950.952376,0.453854,0.00617,3.389109,8.834176,0.00127
1951.035698,0.460182,0.00632,3.447169,8.958544,0.00131
1951.11902,0.470762,0.00668,4.042502,8.653045,0.00115
1951.202342,0.481827,0.00683,3.990451,8.797354,0.0012
1951.285664,0.498515,0.00678,3.980464,8.796169,0.0012
1951.368986,0.507706,0.00689,3.568054,8.918398,0.00127
1951.452308,0.509693,0.00701,3.711328,8.77957,0.00125
1951.53563,0.525584,0.00753,3.697951,9.017688,0.00134
1951.618953,0.557283,0.00732,3.403257,9.262107,0.00145
1951.702275,0.552768,0.0072,3.591967,8.934565,0.00132
1951.785597,0.525525,0.00715,3.711708,9.022821,0.00131
1951.868919,0.463087,0.00689,3.678798,8.872615,0.00135
1951.952241,0.480527,0.00724,4.20028,8.792601,0.00116
1952.035563,0.465835,0.0067,3.979063,8.784625,0.00118
1952.118885,0.466727,0.00686,3.921384,8.808505,0.00124
1952.202207,0.476834,0.00714,4.351874,9.002952,0.00125
1952.285529,0.438355,0.00715,4.186173,8.78226,0.0012
1952.368851,0.463479,0.00714,3.414781,8.948559,0.00142
1952.452173,0.478909,0.00707,3.130788,9.017752,0.00149
1952.535495,0.518694,0.00724,3.366578,9.180645,0.00149
1952.618817,0.525266,0.00682,3.13489,9.213186,0.00154
1952.702139,0.516259,0.00698,3.52254,8.979343,0.00136
1952.785461,0.476596,0.00711,3.836023,8.853135,0.00127
1952.868783,0.440103,0.00685,3.508101,8.89088,0.00132
1952.952105,0.454416,0.00667,3.639659,8.948887,0.00126
1953.035427,0.445162,0.00642,3.689028,8.901539,0.00129
1953.118749,0.457225,0.007,3.748279,8.812818,0.0013
1953.202071,0.474956,0.00719,3.729904,8.735612,0.00124
1953.285393,0.504893,0.00688,3.39352,9.068505,0.00139
1953.368715,0.537641,0.0071,3.32439,8.96883,0.0014
1953.452037,0.550596,0.0071,3.085296,9.121821,0.00148
1953.535359,0.56131,0.00707,3.126316,9.350236,0.00158
1953.618681,0.548067,0.00694,3.004181,9.284558,0.00162
1953.702003,0.547255,0.00668,2.704604,9.126635,0.00156
1953.785325,0.524386,0.00672,2.796667,9.142578,0.00153
1953.868647,0.518676,0.00662,2.891066,9.07749,0.00152
1953.951969,0.508635,0.00649,3.137787,8.935603,0.0014
1954.035291,0.500745,0.00648,3.792941,8.889622,0.00121
1954.118613,0.441464,0.00661,3.127233,8.93317,0.00133
1954.201935,0.443283,0.00639,3.234379,8.898378,0.00134
1954.285257,0.420468,0.00626,2.841922,8.898831,0.00145
1954.36858,0.457571,0.00608,3.08857,8.969209,0.00137
1954.451902,0.515718,0.00673,2.99448,9.313738,0.00157
1954.535224,0.55352,0.00738,3.055265,9.004224,0.00154
1954.618546,0.550536,0.00735,2.910063,9.312436,0.00162
1954.701868,0.538039,0.00699,3.096192,9.305365,0.0015
1954.78519,0.552981,0.00737,3.787579,9.070969,0.00135
1954.868512,0.505486,0.0069,3.733469,9.009748,0.00133
1954.951834,0.489338,0.00687,3.849944,8.988891,0.00128
1955.035156,0.421846,0.00645,3.322925,8.829724,0.00138
1955.118478,0.421501,0.00614,3.374333,8.898718,0.00135
1955.2018,0.445373,0.00646,3.575135,9.040358,0.00131
1955.285122,0.473093,0.00661,3.858615,8.990056,0.00127
1955.368444,0.45402,0.00728,3.889761,8.861455,0.00131
1955.451766,0.485012,0.00724,3.926359,8.974579,0.00133
1955.535088,0.510049,0.00718,3.270765,9.095507,0.0015
1955.61841,0.510821,0.00747,3.258447,9.323249,0.0016
1955.701732,0.445626,0.00701,2.957253,9.181179,0.00149
1955.785054,0.427158,0.00685,3.200754,8.907863,0.00135
1955.868376,0.385513,0.00603,2.974295,9.000846,0.00139
1955.951698,0.387233,0.00598,3.303834,8.941593,0.00138
1956.03502,0.378609,0.00593,3.42567,8.927465,0.00134
1956.118342,0.374343,0.00529,3.201881,8.771782,0.00133
1956.201664,0.375052,0.00539,3.077377,8.825911,0.0014
1956.284986,0.418303,0.00625,3.331786,8.989968,0.00134
1956.368308,0.414293,0.00679,3.624566,8.912507,0.0013
1956.45163,0.418582,0.00661,3.043598,8.954862,0.00143
1956.534952,0.465465,0.00674,2.796814,9.103697,0.00152
1956.618274,0.489598,0.0067,2.91818,9.366284,0.00156
1956.701596,0.459401,0.00654,2.719725,9.051635,0.00152
1956.784918,0.443571,0.00662,3.263746,8.811178,0.00136
1956.86824,0.434135,0.00678,3.131285,9.083344,0.00142
1956.951562,0.431373,0.00678,3.654757,8.918394,0.00128
1957.034884,0.456566,0.00641,3.789389,8.802459,0.00129
1957.118206,0.471742,0.00614,3.91623,8.897052,0.00131
1957.201529,0.500113,0.00638,3.826091,9.098593,0.00142
1957.284851,0.505202,0.00661,4.0489,8.959941,0.0014
1957.368173,0.532876,0.00683,3.73111,8.953683,0.00145
1957.451495,0.524792,0.00661,3.493978,9.262118,0.00152
1957.534817,0.566936,0.00658,3.734666,9.05891,0.00141
1957.618139,0.581696,0.0062,3.220526,9.314179,0.00162
1957.701461,0.566498,0.00653,3.465944,9.160674,0.00155
1957.784783,0.573948,0.00651,3.71851,9.146185,0.00142
1957.868105,0.479458,0.00685,3.535838,9.120708,0.0014
1957.951427,0.476125,0.00811,3.705108,9.189533,0.00139
1958.034749,0.438389,0.00868,3.517857,8.97901,0.00135
1958.118071,0.480304,0.00682,3.987132,8.8508,0.00129
1958.201393,0.474184,0.00658,3.802555,8.710439,0.00128
1958.284715,0.47814,0.0071,3.539815,9.032564,0.00148
1958.368037,0.544932,0.00798,3.834895,8.893614,0.00139
1958.451359,0.586028,0.00893,3.895474,9.287586,0.00146
1958.534681,0.588239,0.00815,3.392448,9.183402,0.0015
1958.618003,0.559512,0.00763,3.568296,9.319594,0.00149
1958.701325,0.507789,0.00763,3.666617,8.980928,0.00141
1958.784647,0.490125,0.00726,3.583766,8.836619,0.00133
1958.867969,0.484485,0.00645,4.154872,8.892281,0.00125
1958.951291,0.447047,0.00652,3.950872,8.958554,0.00126
1959.034613,0.42733,0.00772,3.887425,8.87289,0.00129
1959.117935,0.443078,0.00769,3.524078,8.776494,0.00131
1959.201257,0.466814,0.00712,3.645645,8.79164,0.00134
1959.284579,0.437716,0.00727,3.707217,9.095502,0.00146
1959.367901,0.456313,0.00768,4.124231,8.88077,0.00141
1959.451223,0.502093,0.00784,4.009224,8.982564,0.00142
1959.534545,0.548273,0.00791,3.91216,9.097352,0.00149
1959.617867,0.555661,0.00751,3.287739,9.182192,0.00164
1959.701189,0.571786,0.00819,3.222429,9.191275,0.00162
1959.784511,0.556055,0.00725,3.233855,9.239889,0.00161
1959.867833,0.514694,0.00666,3.211493,9.11052,0.00155
1959.951155,0.487812,0.0063,3.370273,9.055727,0.00144
1960.034478,0.426975,0.00653,3.224199,8.940562,0.00145
1960.1178,0.415265,0.00676,2.943107,9.062966,0.00143
1960.201122,0.431786,0.00691,3.114781,9.036308,0.00145
1960.284444,0.454974,0.00713,3.497905,8.738674,0.00137
1960.367766,0.489147,0.00731,3.299566,9.120727,0.00144
1960.451088,0.50128,0.00732,3.289643,9.063338,0.00152
1960.53441,0.510967,0.00737,3.18656,9.256698,0.0016
1960.617732,0.518577,0.00742,3.135996,9.302874,0.00167
1960.701054,0.548133,0.0073,3.55719,9.185494,0.00151
1960.784376,0.513114,0.00686,3.833356,9.00423,0.00139
1960.867698,0.444201,0.00642,3.650957,8.945596,0.00144
1960.95102,0.413411,0.00609,3.568549,8.736991,0.00134
1961.034342,0.404019,0.00606,3.441324,8.808475,0.00131
1961.117664,0.364837,0.00552,3.003424,8.856045,0.00135
1961.200986,0.376103,0.0057,3.148984,8.73622,0.00131
1961.284308,0.410601,0.00607,3.074719,8.923956,0.00138
1961.36763,0.40871,0.00631,2.838425,9.087264,0.00154
1961.450952,0.411618,0.00691,3.127442,9.186415,0.00158
1961.534274,0.490019,0.00688,3.238176,9.045307,0.00156
1961.617596,0.501036,0.00651,3.14516,9.175117,0.00164
1961.700918,0.533835,0.00715,3.409646,9.200952,0.00155
1961.78424,0.501169,0.00715,3.044298,9.264534,0.0016
1961.867562,0.463142,0.0071,3.442947,9.046882,0.00147
1961.950884,0.420332,0.0063,3.335073,8.953814,0.00138
1962.034206,0.43064,0.0064,3.200651,9.066978,0.00142
1962.117528,0.42348,0.00638,3.549544,8.910699,0.00139
1962.20085,0.417214,0.00632,3.66473,8.872871,0.00135
1962.284172,0.407554,0.0071,3.409885,8.87408,0.00142
1962.367494,0.457779,0.00678,3.618178,9.12752,0.0014
1962.450816,0.468988,0.00674,3.369507,9.023352,0.00147
1962.534138,0.520748,0.00658,3.198408,9.264993,0.0016
1962.61746,0.536217,0.00672,2.8159,9.231996,0.00169
1962.700782,0.550397,0.00682,2.779623,9.365206,0.0017
1962.784104,0.53823,0.00633,2.81236,9.240979,0.00159
1962.867427,0.502592,0.00598,2.829202,8.957502,0.00145
1962.950749,0.501217,0.00584,2.93579,8.918988,0.00142
1963.034071,0.486742,0.00545,3.109286,8.980099,0.00139
1963.117393,0.46215,0.00549,3.180747,8.905569,0.00136
1963.200715,0.442316,0.00534,3.201212,8.794247,0.00134
1963.284037,0.444351,0.00528,3.300477,8.895162,0.00132
1963.367359,0.424553,0.00523,3.283154,9.089829,0.00132
1963.450681,0.400173,0.0051,3.139927,9.203339,0.00138
1963.534003,0.372452,0.00484,2.865885,9.302927,0.00153
1963.617325,0.340602,0.00488,2.494839,9.532494,0.00175
1963.700647,0.359622,0.00494,2.548867,9.526646,0.00174
1963.783969,0.37625,0.00507,2.776599,9.329889,0.00153
1963.867291,0.418377,0.00523,2.949734,9.00304,0.00142
1963.950613,0.429561,0.00524,2.952543,8.981315,0.00142
1964.033935,0.435992,0.00527,3.12032,8.946264,0.0014
1964.117257,0.457385,0.0055,3.17669,9.015617,0.00144
1964.200579,0.47216,0.00577,2.957276,9.307512,0.00156
1964.283901,0.490967,0.00597,3.084106,9.274345,0.00155
1964.367223,0.520551,0.00619,3.427547,9.126093,0.00147
1964.450545,0.53205,0.00626,3.277525,9.303623,0.00149
1964.533867,0.533136,0.00612,3.060231,9.17723,0.00152
1964.617189,0.550718,0.00588,2.854519,9.326866,0.00162
1964.700511,0.550149,0.00592,3.044747,9.270945,0.0015
1964.783833,0.530876,0.00571,2.95773,9.002848,0.00139
1964.867155,0.469527,0.00539,3.022926,8.735904,0.00133
1964.950477,0.443437,0.0052,3.172099,8.914666,0.00136
1965.033799,0.418566,0.0051,2.988661,8.790485,0.00134
1965.117121,0.400423,0.00525,3.223553,8.814412,0.00132
1965.200443,0.383733,0.00553,3.14614,8.823242,0.00136
1965.283765,0.419286,0.00612,3.498674,8.843843,0.00132
1965.367087,0.437142,0.00608,3.258842,8.88074,0.00138
1965.450409,0.491236,0.00672,3.500118,9.002632,0.00145
1965.533731,0.530724,0.00773,3.670648,9.218282,0.00162
1965.617054,0.554423,0.00776,3.708527,9.31817,0.00179
1965.700376,0.576617,0.00771,3.732634,9.371884,0.00173
1965.783698,0.54644,0.00729,3.879011,9.308537,0.00156
1965.86702,0.452006,0.00652,3.445319,9.189366,0.00154
1965.950342,0.436234,0.00675,3.544584,9.005248,0.00149
1966.033664,0.419512,0.00655,3.526988,9.105119,0.00155
1966.116986,0.433648,0.00642,4.047693,8.913106,0.0014
1966.200308,0.43736,0.0064,3.867119,8.95081,0.00145
1966.28363,0.452047,0.00602,3.820316,9.163747,0.0015
1966.366952,0.47546,0.00587,3.701538,9.038041,0.0014
1966.450274,0.45382,0.00655,3.573959,9.050217,0.00155
1966.533596,0.460056,0.0069,4.097043,9.052444,0.00161
1966.616918,0.495735,0.00629,3.771862,9.201018,0.00168
1966.70024,0.551474,0.00605,3.550131,9.269955,0.00164
1966.783562,0.549774,0.00605,3.12696,9.165226,0.00167
1966.866884,0.563874,0.00615,3.256323,9.200364,0.00157
1966.950206,0.530634,0.0058,3.295356,9.162184,0.00154
1967.033528,0.480585,0.00527,3.289984,9.282821,0.0015
1967.11685,0.480906,0.00519,3.984127,9.038826,0.00145
1967.200172,0.447935,0.00497,4.251591,9.137952,0.00158
1967.283494,0.443796,0.00508,4.72031,9.075843,0.00158
1967.366816,0.482483,0.00542,4.699004,8.916443,0.00144
1967.450138,0.501062,0.00566,4.565172,8.936343,0.00143
1967.53346,0.504208,0.00575,4.109687,8.855474,0.00142
1967.616782,0.510273,0.00568,3.14785,9.202304,0.00169
1967.700104,0.552487,0.00578,3.145103,9.34081,0.00167
1967.783426,0.510306,0.00559,3.222248,9.065963,0.00154
1967.866748,0.51774,0.00563,3.972154,8.877974,0.0014
1967.95007,0.455939,0.00546,3.861936,9.099591,0.0015
1968.033392,0.480656,0.00557,4.018181,9.136312,0.00145
1968.116714,0.474168,0.00568,4.029372,9.06877,0.00142
1968.200036,0.488877,0.00582,4.010524,8.78834,0.00135
1968.283358,0.459262,0.0061,3.690068,8.871098,0.00145
1968.36668,0.498258,0.00667,4.211547,8.847876,0.00134
1968.450003,0.524615,0.00708,3.910187,8.949085,0.00145
1968.533325,0.542105,0.00651,3.543065,9.214437,0.00162
1968.616647,0.507268,0.00683,3.541736,9.277502,0.00168
1968.699969,0.504212,0.00756,4.970116,9.297793,0.00165
1968.783291,0.520696,0.00807,4.258776,9.114485,0.00155
1968.866613,0.547257,0.00819,3.705093,9.203991,0.00166
1968.949935,0.50221,0.00715,3.364111,9.171052,0.00161
1969.033257,0.472371,0.00627,4.081879,9.040817,0.00155
1969.116579,0.473827,0.00626,4.410569,8.92517,0.00145
1969.199901,0.471958,0.00642,4.170727,8.733245,0.00138
1969.283223,0.455351,0.00662,3.896156,8.881394,0.00148
1969.366545,0.432264,0.00648,3.68919,8.868531,0.00154
1969.449867,0.429971,0.00681,3.202847,8.870919,0.0015
1969.533189,0.50523,0.00688,3.414683,9.263495,0.00158
1969.616511,0.533348,0.00685,3.190506,9.360263,0.00165
1969.699833,0.56469,0.00618,3.512781,9.242534,0.00148
1969.783155,0.511037,0.00564,3.176416,9.077404,0.00148
1969.866477,0.463201,0.00573,3.371509,9.030208,0.00144
1969.949799,0.425773,0.00594,3.956217,9.109109,0.00152
1970.033121,0.42452,0.0059,4.026245,8.846604,0.00141
1970.116443,0.427247,0.00573,3.68515,8.962886,0.00144
1970.199765,0.443606,0.00577,3.733232,9.05669,0.00141
1970.283087,0.454765,0.0064,3.750486,8.92069,0.00144
1970.366409,0.455458,0.00718,4.150696,9.096057,0.0014
1970.449731,0.492789,0.00705,3.826124,8.963865,0.0014
1970.533053,0.485023,0.00635,3.196,9.141919,0.00158
1970.616375,0.475377,0.00566,2.490344,9.287814,0.00172
1970.699697,0.485362,0.00551,2.714726,9.209752,0.00158
1970.783019,0.492721,0.00548,2.888683,8.962129,0.00149
1970.866341,0.47975,0.00553,3.218533,8.977233,0.00145
1970.949663,0.433492,0.00551,3.270382,8.993238,0.00149
1971.032985,0.418919,0.00547,3.669891,8.902855,0.00139
1971.116307,0.431161,0.00542,3.785068,8.908377,0.00136
1971.199629,0.439657,0.00534,3.727125,8.72734,0.00134
1971.282952,0.435724,0.00556,3.52517,8.843426,0.00147
1971.366274,0.454702,0.00584,3.707961,8.795159,0.0014
1971.449596,0.473167,0.0057,3.633667,8.773025,0.00129
1971.532918,0.488523,0.00576,2.950269,9.069574,0.00147
1971.61624,0.487579,0.0064,2.544645,9.211758,0.00165
1971.699562,0.52648,0.00677,2.882936,9.036033,0.00154
1971.782884,0.507157,0.00636,3.440962,8.960076,0.00136
1971.866206,0.461289,0.00646,3.78198,9.125773,0.00144
1971.949528,0.446301,0.00685,3.927393,8.983466,0.00148
1972.03285,0.460041,0.00622,3.82571,8.886741,0.00145
1972.116172,0.457239,0.00536,3.772555,8.842604,0.00146
1972.199494,0.481565,0.00536,3.733895,8.809445,0.00145
1972.282816,0.503384,0.00562,3.781789,8.948509,0.00146
1972.366138,0.545245,0.00578,3.620186,9.129089,0.00159
1972.44946,0.519929,0.00577,3.470484,9.098516,0.00156
1972.532782,0.517715,0.00555,3.136097,9.268358,0.00166
1972.616104,0.505502,0.00549,3.137024,9.338242,0.00174
1972.699426,0.512235,0.00573,3.158007,9.182521,0.0017
1972.782748,0.445761,0.00575,3.168704,9.243817,0.00163
1972.86607,0.447758,0.00576,3.587257,9.243197,0.00158
1972.949392,0.449174,0.00629,3.94555,8.994855,0.00141
1973.032714,0.445067,0.00644,3.904468,8.88354,0.00143
1973.116036,0.489658,0.00612,3.923953,8.804818,0.00144
1973.199358,0.477758,0.00593,3.92606,8.756897,0.0014
1973.28268,0.477682,0.00574,3.62231,8.939128,0.00149
1973.366002,0.492541,0.006,3.704323,8.889516,0.00145
1973.449324,0.526146,0.00629,3.582439,9.218444,0.00157
1973.532646,0.529475,0.00625,3.584024,8.998544,0.00148
1973.615968,0.531625,0.00624,3.379774,9.117331,0.00156
1973.69929,0.557164,0.00659,3.727598,8.976402,0.00149
1973.782612,0.556824,0.00643,3.755251,9.003146,0.00143
1973.865934,0.538398,0.00619,4.034377,8.920704,0.00135
1973.949256,0.488258,0.0062,4.092645,9.218923,0.00144
1974.032578,0.466575,0.00641,4.567424,9.013912,0.00141
1974.115901,0.438891,0.00654,3.837269,8.690265,0.00141
1974.199223,0.438687,0.00697,3.790848,8.948041,0.00143
1974.282545,0.46646,0.0071,3.943123,8.853666,0.00138
1974.365867,0.478459,0.00744,4.276912,8.936822,0.00138
1974.449189,0.51153,0.00743,4.056867,8.982524,0.00161
1974.532511,0.560816,0.0075,4.202716,9.209501,0.00154
1974.615833,0.544321,0.00719,3.411353,9.235802,0.00169
1974.699155,0.51753,0.00689,3.326136,9.04402,0.00164
1974.782477,0.492353,0.00601,3.210674,9.209789,0.00156
1974.865799,0.442941,0.00548,3.479989,9.034437,0.00148
1974.949121,0.439232,0.00523,3.77435,8.992023,0.00147
1975.032443,0.469538,0.00525,3.837035,8.97803,0.0014
1975.115765,0.432469,0.00507,3.659826,8.867464,0.00145
1975.199087,0.40929,0.00501,3.588996,8.888402,0.00145
1975.282409,0.45,0.00531,3.682251,8.804994,0.00139
1975.365731,0.457702,0.00556,3.455194,8.947915,0.00149
1975.449053,0.498663,0.006,3.782782,8.891358,0.00141
1975.532375,0.518564,0.00597,3.452722,9.219482,0.00155
1975.615697,0.523586,0.00612,3.240943,9.224596,0.00161
1975.699019,0.528895,0.00607,3.35005,9.191781,0.00156
1975.782341,0.52869,0.00579,3.399438,8.858068,0.00148
1975.865663,0.511162,0.00595,3.7351,8.849631,0.00139
1975.948985,0.452581,0.00523,3.479672,8.92797,0.00148
1976.032307,0.414692,0.00508,3.168798,8.931238,0.00143
1976.115629,0.421347,0.00524,3.646662,9.038449,0.00148
1976.198951,0.441929,0.00548,3.876589,8.804657,0.00145
1976.282273,0.453144,0.00573,4.157542,8.864113,0.00144
1976.365595,0.510903,0.00611,4.126432,9.216284,0.00153
1976.448917,0.526336,0.00642,4.204651,8.99439,0.00147
1976.532239,0.516732,0.00617,3.678758,9.192812,0.00158
1976.615561,0.499576,0.00578,3.20932,9.307628,0.00177
1976.698883,0.585978,0.00652,4.110078,9.009292,0.00149
1976.782205,0.510911,0.00633,4.375463,8.998304,0.0014
1976.865528,0.4448,0.0063,4.865556,8.757037,0.00139
1976.94885,0.445236,0.00696,4.732393,8.685879,0.00135
1977.032172,0.396298,0.00766,4.045863,8.862954,0.00143
1977.115494,0.406551,0.00775,4.280278,8.930425,0.00144
1977.198816,0.418549,0.00771,4.815477,8.954476,0.00142
1977.282138,0.45747,0.00701,4.755679,8.972102,0.0014
1977.36546,0.478243,0.00689,4.351836,8.988019,0.00149
1977.448782,0.500142,0.00655,3.995544,9.101068,0.00154
1977.532104,0.514803,0.00635,3.889739,9.064434,0.00162
1977.615426,0.508944,0.0065,3.528768,9.318486,0.00168
1977.698748,0.55276,0.00691,4.0471,9.049256,0.00149
1977.78207,0.47018,0.00656,4.010999,8.890386,0.00144
1977.865392,0.417526,0.00629,3.730428,8.829297,0.0014
1977.948714,0.428208,0.00649,3.683517,8.890716,0.00141
1978.032036,0.43441,0.00672,3.726397,8.938134,0.00141
1978.115358,0.45501,0.00703,3.738245,8.832001,0.00141
1978.19868,0.47879,0.00697,3.919726,8.724614,0.00129
1978.282002,0.476927,0.00755,4.119285,8.858337,0.0013
1978.365324,0.488815,0.00775,4.491517,8.933511,0.00135
1978.448646,0.513287,0.00714,4.387963,9.027245,0.00142
1978.531968,0.503369,0.00654,3.77503,9.29803,0.00159
1978.61529,0.51725,0.00643,3.56561,9.296364,0.00165
1978.698612,0.533123,0.00683,3.847265,9.181491,0.00153
1978.781934,0.567024,0.00672,3.85813,9.242229,0.00152
1978.865256,0.535903,0.00598,3.606371,9.206719,0.00157
1978.948578,0.495153,0.00616,3.382923,9.038883,0.00157
1979.0319,0.472293,0.00583,3.65278,8.987847,0.00146
1979.115222,0.446679,0.00569,3.593603,8.798637,0.00138
1979.198544,0.426455,0.00555,3.490613,8.852648,0.00138
1979.281866,0.427127,0.00562,3.973266,8.839293,0.00137
1979.365188,0.440464,0.00611,3.651055,8.851858,0.00144
1979.44851,0.445717,0.00639,3.752539,8.889237,0.00144
1979.531832,0.467115,0.00639,3.609957,9.009733,0.00151
1979.615154,0.507631,0.00639,3.25542,9.178084,0.0016
1979.698477,0.522881,0.00645,3.283434,9.105236,0.00157
1979.781799,0.500801,0.00619,3.32703,8.965198,0.00151
1979.865121,0.475235,0.00672,4.077676,8.873204,0.00145
1979.948443,0.462568,0.00699,4.577992,8.866403,0.00138
1980.031765,0.428559,0.00674,4.245164,8.777947,0.00135
1980.115087,0.474873,0.00699,3.904267,8.76535,0.00136
1980.198409,0.485107,0.00662,3.721384,8.848797,0.00134
1980.281731,0.473276,0.0061,3.286938,9.01679,0.00147
1980.365053,0.499225,0.00612,3.541886,9.071504,0.00144
1980.448375,0.516587,0.0063,3.367855,9.210321,0.00157
1980.531697,0.528681,0.00615,3.277121,9.202117,0.00159
1980.615019,0.541356,0.00602,2.960258,9.403338,0.0017
1980.698341,0.568053,0.00649,3.041143,9.024341,0.00153
1980.781663,0.542371,0.00652,3.537461,9.058803,0.00141
1980.864985,0.487239,0.00636,3.42903,8.840258,0.00135
1980.948307,0.460807,0.00632,3.42904,8.981637,0.00137
1981.031629,0.45327,0.0063,3.305064,8.864836,0.00135
1981.114951,0.462883,0.00669,3.449433,8.908936,0.00129
1981.198273,0.498405,0.00697,3.88675,8.713731,0.00125
1981.281595,0.488314,0.00684,3.604085,8.877481,0.00129
1981.364917,0.509307,0.00689,3.556672,8.994376,0.00139
1981.448239,0.549304,0.0074,3.479744,9.058278,0.00143
1981.531561,0.576082,0.00745,3.405031,9.241342,0.0015
1981.614883,0.570727,0.00689,3.116468,9.20969,0.00156
1981.698205,0.563467,0.00685,3.143443,9.012164,0.00147
1981.781527,0.54916,0.00698,3.189001,9.021245,0.0014
1981.864849,0.547997,0.00627,3.504284,9.101215,0.00136
1981.948171,0.496316,0.006,3.411367,9.019767,0.00141
1982.031493,0.43782,0.0057,3.534391,8.804735,0.00132
1982.114815,0.440757,0.00599,3.419544,8.899981,0.00131
1982.198137,0.475903,0.0063,3.460129,8.735973,0.00133
1982.281459,0.500933,0.00661,3.489903,8.763665,0.0013
1982.364781,0.495927,0.0068,3.61195,8.82839,0.00129
1982.448103,0.497001,0.00688,3.135743,8.977016,0.00141
1982.531426,0.474749,0.00695,3.12326,9.089818,0.00153
1982.614748,0.514206,0.007,2.998006,9.256484,0.00157
1982.69807,0.546311,0.00671,2.674218,9.103636,0.00148
1982.781392,0.525198,0.00613,2.784208,9.026854,0.00145
1982.864714,0.499912,0.00608,2.965871,9.051655,0.00141
1982.948036,0.514736,0.00597,3.122258,8.898025,0.0013
1983.031358,0.480505,0.00588,2.982968,8.891211,0.00139
1983.11468,0.456718,0.00586,3.081572,8.788806,0.00137
1983.198002,0.466766,0.00564,3.25723,9.069294,0.00143
1983.281324,0.467364,0.00614,3.091523,9.091973,0.00144
1983.364646,0.529154,0.00644,3.168595,9.21072,0.00147
1983.447968,0.555572,0.0069,3.239607,9.167432,0.0015
1983.53129,0.579491,0.00722,3.108048,9.071416,0.00153
1983.614612,0.559707,0.00708,3.20984,9.332283,0.00156
1983.697934,0.539033,0.00717,3.475935,9.061372,0.00138
1983.781256,0.520609,0.00722,3.751156,8.923125,0.00131
1983.864578,0.515018,0.00696,3.94446,9.054518,0.00131
1983.9479,0.479356,0.00659,3.43395,8.963364,0.00141
1984.031222,0.469378,0.00646,3.56073,9.075724,0.00133
1984.114544,0.453877,0.00628,3.773789,8.776213,0.00123
1984.197866,0.484182,0.00629,3.936088,8.548684,0.00121
1984.281188,0.471522,0.00661,3.664208,8.766851,0.0013
1984.36451,0.457455,0.007,2.972473,9.164026,0.00156
1984.447832,0.514566,0.00711,3.259359,9.166686,0.00152
1984.531154,0.534704,0.00702,3.479198,9.151514,0.00146
1984.614476,0.556936,0.00745,3.316786,9.415441,0.00164
1984.697798,0.546314,0.00711,3.179106,9.202683,0.0016
1984.78112,0.532094,0.00692,3.347669,8.944558,0.00139
1984.864442,0.48644,0.00657,3.594396,8.997792,0.00138
1984.947764,0.467809,0.00625,3.644341,8.9034,0.00126
1985.031086,0.446466,0.00655,3.450661,8.711458,0.00129
1985.114408,0.433254,0.00669,3.844241,8.591971,0.00124
1985.19773,0.435423,0.00667,3.681382,8.657728,0.00133
1985.281052,0.479535,0.00663,3.587496,8.606368,0.00133
1985.364375,0.493228,0.00693,3.756006,8.796261,0.00128
1985.447697,0.533501,0.00742,3.948697,8.953319,0.00134
1985.531019,0.534516,0.0075,3.678165,9.093978,0.0014
1985.614341,0.5331,0.00702,3.032429,9.318683,0.00158
1985.697663,0.566056,0.00698,3.272196,9.19505,0.00143
1985.780985,0.539111,0.00677,3.248817,9.005046,0.00141
1985.864307,0.522599,0.00728,3.817735,9.060545,0.00136
1985.947629,0.486406,0.00721,4.069633,8.814075,0.00125
1986.030951,0.451404,0.00693,3.971337,8.674753,0.00118
1986.114273,0.44804,0.00663,3.622292,8.707209,0.00128
1986.197595,0.431745,0.0066,3.926925,8.684214,0.00122
1986.280917,0.429666,0.00615,3.502083,8.756458,0.00131
1986.364239,0.433828,0.00608,3.446547,8.787552,0.00134
1986.447561,0.492321,0.00631,3.572882,8.871626,0.00131
1986.530883,0.505986,0.00625,3.359204,9.035692,0.00143
1986.614205,0.502357,0.00646,3.055442,9.126502,0.00153
1986.697527,0.518504,0.00651,2.971326,9.040409,0.00153
1986.780849,0.527804,0.00618,3.008889,8.933739,0.00138
1986.864171,0.495707,0.00592,3.204013,8.888841,0.00131
1986.947493,0.454494,0.00591,3.294306,8.639969,0.00129
1987.030815,0.440172,0.00637,3.868661,8.581109,0.00121
1987.114137,0.445721,0.00642,4.014366,8.541984,0.00119
1987.197459,0.458749,0.00646,3.691103,8.750799,0.00129
1987.280781,0.454663,0.00652,3.503781,8.869925,0.00134
1987.364103,0.432811,0.00626,3.490114,8.770821,0.00131
1987.447425,0.480289,0.00668,3.487567,8.777851,0.00132
1987.530747,0.501511,0.00743,3.421131,8.948651,0.00141
1987.614069,0.506341,0.00734,3.235697,9.021427,0.00145
1987.697391,0.533543,0.0066,3.258755,8.916079,0.00136
1987.780713,0.515754,0.00629,3.26654,8.812191,0.0013
1987.864035,0.505446,0.00624,3.546776,8.872936,0.0013
1987.947357,0.473191,0.00621,3.426694,8.932058,0.00133
1988.030679,0.45752,0.006,3.447856,8.794015,0.00127
1988.114002,0.457836,0.00591,3.453497,8.766292,0.00123
1988.197324,0.458075,0.00608,3.349968,8.883279,0.00127
1988.280646,0.46981,0.00617,3.296334,8.730374,0.00125
1988.363968,0.475166,0.00617,3.242023,8.861258,0.00131
1988.44729,0.480536,0.00613,3.317535,9.022501,0.00138
1988.530612,0.472206,0.00623,2.965278,8.873296,0.00141
1988.613934,0.498822,0.00699,3.072464,9.114744,0.00143
1988.697256,0.524923,0.00708,3.491679,9.106429,0.00136
1988.780578,0.524086,0.0071,3.293059,9.035866,0.00136
1988.8639,0.507884,0.00707,3.642757,8.884339,0.00132
1988.947222,0.490138,0.00642,3.58724,8.846462,0.00136
1989.030544,0.471919,0.00632,3.352548,8.871076,0.00141
1989.113866,0.470885,0.0066,3.747663,8.466698,0.00126
1989.197188,0.478051,0.0063,3.568316,8.561676,0.00125
1989.28051,0.491708,0.00627,3.90131,8.598724,0.00121
1989.363832,0.465434,0.00639,3.461554,8.832592,0.00132
1989.447154,0.499467,0.00675,3.261176,9.035391,0.00143
1989.530476,0.51831,0.00667,3.337453,9.182221,0.00151
1989.613798,0.536531,0.0064,2.842954,9.179757,0.00161
1989.69712,0.558034,0.00643,2.931562,9.132045,0.00155
1989.780442,0.51548,0.00647,3.208474,8.978359,0.00141
1989.863764,0.473518,0.00652,3.231367,8.873869,0.00143
1989.947086,0.478378,0.0063,3.205255,8.909266,0.00143
1990.030408,0.468913,0.0062,3.305499,8.788078,0.0013
1990.11373,0.457998,0.00671,3.307378,8.922614,0.00133
1990.197052,0.470985,0.0069,3.605842,8.807721,0.00129
1990.280374,0.45478,0.00672,3.555188,8.867251,0.00127
1990.363696,0.458215,0.00671,3.665593,8.742434,0.00125
1990.447018,0.47301,0.00738,3.589101,8.956696,0.00137
1990.53034,0.467193,0.00725,3.258289,9.182013,0.00151
1990.613662,0.501464,0.00712,2.942605,9.224202,0.00167
1990.696984,0.494004,0.00593,2.759037,9.247266,0.00166
1990.780306,0.504634,0.00637,2.691307,9.179334,0.00161
1990.863628,0.531768,0.00646,3.024512,9.136878,0.00152
1990.946951,0.530371,0.00607,3.318081,8.968239,0.00139
1991.030273,0.494084,0.00583,3.493068,8.867764,0.00131
1991.113595,0.483999,0.00614,3.43221,9.022651,0.00137
1991.196917,0.449331,0.00649,3.194198,8.889266,0.00138
1991.280239,0.487974,0.00638,3.652952,8.620311,0.00122
1991.363561,0.502233,0.0062,3.767917,8.70565,0.00124
1991.446883,0.516046,0.00611,3.440497,8.969977,0.00135
1991.530205,0.508324,0.00598,3.353584,9.131502,0.00145
1991.613527,0.474072,0.00578,2.877312,9.26553,0.00172
1991.696849,0.508778,0.00598,2.707939,9.333879,0.00169
1991.780171,0.539663,0.00627,3.133133,9.013497,0.00141
1991.863493,0.537515,0.00616,3.572198,8.808711,0.00121
1991.946815,0.504911,0.00602,3.756851,8.720683,0.00121
1992.030137,0.492649,0.00588,3.796813,8.779574,0.00124
1992.113459,0.496756,0.00588,3.893652,8.638897,0.00119
1992.196781,0.468317,0.0061,3.753495,8.466449,0.00118
1992.280103,0.470255,0.00649,3.785493,8.693886,0.00123
1992.363425,0.491171,0.00657,3.899973,8.71595,0.00122
1992.446747,0.495953,0.00591,3.948956,8.670228,0.00127
1992.530069,0.493531,0.00616,3.272318,8.888916,0.00147
1992.613391,0.530039,0.00628,3.035403,9.21578,0.00165
1992.696713,0.541807,0.00613,3.136008,9.270478,0.00162
1992.780035,0.557672,0.00577,3.283846,9.177351,0.00149
1992.863357,0.502764,0.00613,3.077036,9.068194,0.00147
1992.946679,0.508214,0.00628,3.409815,8.900661,0.00133
1993.030001,0.495985,0.0062,3.628106,8.907657,0.00134
1993.113323,0.490851,0.00622,3.651568,8.853319,0.00129
1993.196645,0.476351,0.00633,3.574135,8.883636,0.00129
1993.279967,0.466152,0.0065,3.585425,8.717079,0.00127
1993.363289,0.467038,0.00664,3.728401,8.865675,0.00131
1993.446611,0.488666,0.00633,3.781165,8.915729,0.0013
1993.529933,0.483664,0.00614,3.028774,9.10444,0.00156
1993.613255,0.481119,0.00626,2.675827,9.276502,0.00172
1993.696577,0.525981,0.00614,2.936296,9.169546,0.00158
1993.7799,0.506271,0.00621,3.145734,9.071956,0.00152
1993.863222,0.492463,0.00647,3.274369,9.19496,0.00157
1993.946544,0.491864,0.00675,3.458229,8.825001,0.00134
1994.029866,0.463193,0.00708,3.729981,8.891689,0.00132
1994.113188,0.45785,0.00675,4.005195,8.943231,0.00132
1994.19651,0.466379,0.00657,3.991559,8.758631,0.0013
1994.279832,0.478676,0.00651,3.896638,8.919117,0.00135
1994.363154,0.503444,0.00633,3.643028,8.988667,0.00143
1994.446476,0.503866,0.00604,3.425761,8.957395,0.00147
1994.529798,0.480251,0.0058,2.963209,9.15587,0.00164
1994.61312,0.481423,0.00575,2.870023,9.366615,0.00175
1994.696442,0.502277,0.00594,3.17804,9.198513,0.00159
1994.779764,0.520903,0.00598,3.130193,9.169558,0.00151
1994.863086,0.504015,0.00617,3.108799,8.985592,0.00145
1994.946408,0.508463,0.00586,3.642318,9.0209,0.00131
1995.02973,0.484417,0.00583,3.716942,8.836716,0.00127
1995.113052,0.481176,0.00614,3.670172,8.786381,0.00127
1995.196374,0.491141,0.00596,3.791244,8.811121,0.00123
1995.279696,0.47217,0.00575,3.898334,8.940482,0.00121
1995.363018,0.488773,0.00574,3.791431,8.966238,0.0013
1995.44634,0.517389,0.00577,3.740058,8.780082,0.00134
1995.529662,0.504217,0.00585,3.343212,8.971716,0.00146
1995.612984,0.501077,0.00599,2.905555,9.144436,0.00162
1995.696306,0.512485,0.00614,3.097762,9.148532,0.00157
1995.779628,0.523388,0.00621,3.363695,9.197519,0.00144
1995.86295,0.500084,0.00636,3.758639,8.919085,0.00129
1995.946272,0.44606,0.00607,3.908544,8.81219,0.00125
1996.029594,0.458683,0.00626,3.833113,8.580109,0.00123
1996.112916,0.47336,0.00636,4.095801,8.671629,0.00116
1996.196238,0.503476,0.00632,4.068351,8.863865,0.00122
1996.27956,0.483741,0.00609,3.906262,8.882075,0.00125
1996.362882,0.463769,0.00591,3.38102,8.867388,0.00133
1996.446204,0.495043,0.00609,3.160974,9.073509,0.00143
1996.529527,0.521141,0.0063,3.631075,9.146578,0.00142
1996.612849,0.519615,0.00627,3.439006,9.354792,0.00162
1996.696171,0.516746,0.00647,3.455426,9.188632,0.00157
1996.779493,0.546115,0.00679,3.441386,9.085477,0.00146
1996.862815,0.561819,0.00708,3.76158,8.944108,0.00136
1996.946137,0.556514,0.0066,4.230194,8.919975,0.00135
1997.029459,0.526085,0.00697,4.231076,8.837228,0.0013
1997.112781,0.520818,0.00686,4.02389,8.889054,0.00135
1997.196103,0.47158,0.00675,3.538528,8.938916,0.00145
1997.279425,0.464997,0.0059,3.587703,8.930658,0.00135
1997.362747,0.48832,0.00567,3.874804,8.89361,0.00127
1997.446069,0.520249,0.00574,3.428455,9.175525,0.0014
1997.529391,0.533516,0.00585,3.120323,8.957468,0.00145
1997.612713,0.530152,0.00571,2.986181,9.130548,0.00156
1997.696035,0.52308,0.00571,2.51945,9.271777,0.00168
1997.779357,0.529577,0.00578,2.707108,9.053073,0.00155
1997.862679,0.545016,0.00583,3.250606,8.884742,0.00136
1997.946001,0.495058,0.00564,3.631955,8.994001,0.00132
1998.029323,0.477922,0.00553,3.522907,8.746985,0.00126
1998.112645,0.471191,0.00559,3.543561,8.728625,0.00127
1998.195967,0.451199,0.0057,3.679695,8.873904,0.00126
1998.279289,0.472146,0.00578,3.794199,8.999734,0.00128
1998.362611,0.47678,0.00586,3.58367,8.875105,0.00135
1998.445933,0.474915,0.00583,3.371735,8.894335,0.00138
1998.529255,0.510313,0.00573,3.362016,8.82039,0.00141
1998.612577,0.53531,0.00606,3.415394,9.265581,0.00158
1998.695899,0.552344,0.00624,3.073772,9.03762,0.00148
1998.779221,0.566357,0.00627,3.184075,9.07747,0.00142
1998.862543,0.538319,0.00604,3.410308,9.029439,0.00137
1998.945865,0.498394,0.00576,3.568821,8.915035,0.00137
1999.029187,0.503093,0.00572,3.842134,8.743513,0.00129
1999.112509,0.479087,0.00581,3.829654,8.71242,0.00124
1999.195831,0.491863,0.00569,3.7723,8.771616,0.00126
1999.279153,0.490861,0.00594,3.653451,9.05389,0.0014
1999.362476,0.499076,0.00621,3.524593,8.966342,0.00136
1999.445798,0.510859,0.00622,3.38792,9.076664,0.00144
1999.52912,0.52692,0.00634,3.216228,9.062805,0.00146
1999.612442,0.549483,0.0064,3.145052,9.121583,0.00148
1999.695764,0.560141,0.00654,3.11922,9.121279,0.00152
1999.779086,0.560968,0.00681,3.403283,8.977693,0.0014
1999.862408,0.517402,0.00646,3.726127,8.900072,0.00134
1999.94573,0.500735,0.00637,3.816879,9.066042,0.00138
2000.029052,0.509234,0.00656,3.609386,8.791093,0.0013
2000.112374,0.521362,0.00626,3.618247,9.067465,0.00133
2000.195696,0.493967,0.00592,3.89942,8.94037,0.0013
2000.279018,0.484496,0.00608,3.714627,9.048367,0.00135
2000.36234,0.48147,0.00648,3.586586,8.949233,0.00135
2000.445662,0.488034,0.00638,3.521315,8.964063,0.0014
2000.528984,0.526134,0.00661,3.647107,8.950688,0.00143
2000.612306,0.548825,0.00625,3.411899,9.106268,0.0015
2000.695628,0.562579,0.0063,3.239876,9.048338,0.00151
2000.77895,0.533116,0.00626,2.961139,9.064708,0.00151
2000.862272,0.509161,0.00621,3.155924,9.042438,0.00144
2000.945594,0.493137,0.00637,3.530215,8.940512,0.0014
2001.028916,0.496651,0.00632,3.650063,8.69945,0.00129
2001.112238,0.507474,0.00599,3.820998,8.899239,0.00126
2001.19556,0.485585,0.00598,3.423814,8.810694,0.00132
2001.278882,0.459522,0.00643,3.188601,8.813461,0.0014
2001.362204,0.467453,0.00642,3.511741,8.84437,0.00132
2001.445526,0.479929,0.00661,3.604987,8.772972,0.00131
2001.528848,0.498302,0.00669,3.863714,8.833146,0.00135
2001.61217,0.513808,0.00638,3.342396,8.99601,0.00149
2001.695492,0.555681,0.00627,2.881301,9.036752,0.00149
2001.778814,0.528024,0.00617,2.931685,8.903093,0.00138
2001.862136,0.500282,0.0058,3.481464,8.740054,0.00126
2001.945458,0.463525,0.00558,3.321156,8.71215,0.00131
2002.02878,0.458145,0.00546,3.317164,8.572374,0.00126
2002.112102,0.460761,0.00549,3.637041,8.740645,0.00121
2002.195425,0.493238,0.00566,3.684621,8.698941,0.00123
2002.278747,0.467033,0.00576,3.47366,8.964233,0.00136
2002.362069,0.496916,0.00615,3.311788,9.07305,0.00143
2002.445391,0.478979,0.0059,3.079165,8.971591,0.00149
2002.528713,0.4983,0.00594,2.877554,9.097824,0.00155
2002.612035,0.514617,0.00595,2.662159,8.993574,0.00159
2002.695357,0.524317,0.00612,3.092822,8.966746,0.00139
2002.778679,0.507039,0.00615,3.43542,8.907576,0.00132
2002.862001,0.495431,0.00595,3.522422,8.747351,0.00127
2002.945323,0.470582,0.00579,3.439184,8.614883,0.00131
2003.028645,0.435337,0.0056,3.322009,8.68586,0.0013
2003.111967,0.454597,0.00575,3.608837,8.728105,0.00124
2003.195289,0.447042,0.00576,3.585752,8.684606,0.00128
2003.278611,0.452164,0.00604,3.686691,8.849431,0.00134
2003.361933,0.469731,0.00623,3.267552,8.905767,0.00141
2003.445255,0.476428,0.00656,3.193104,9.056457,0.00149
2003.528577,0.488316,0.00625,3.054589,8.893061,0.00147
2003.611899,0.481477,0.00599,2.665716,9.075566,0.0016
2003.695221,0.500145,0.00606,2.834018,9.001468,0.00149
2003.778543,0.479399,0.00625,2.937118,8.818975,0.00139
2003.861865,0.483192,0.00653,3.500271,8.689222,0.00129
2003.945187,0.496147,0.00676,3.663544,8.732109,0.00132
2004.028509,0.493764,0.0068,3.763235,8.874299,0.00131
2004.111831,0.483056,0.00667,3.855284,8.798273,0.0013
2004.195153,0.47159,0.00617,3.425439,8.794567,0.00135
2004.278475,0.451256,0.00604,3.349827,8.830654,0.00132
2004.361797,0.46872,0.00643,3.521144,8.7317,0.00132
2004.445119,0.476912,0.00653,3.874128,8.742652,0.00127
2004.528441,0.502439,0.00655,3.402453,8.915719,0.00139
2004.611763,0.534971,0.00648,3.117515,9.065532,0.0015
2004.695085,0.540682,0.00663,3.192715,9.020444,0.00147
2004.778407,0.562972,0.00678,3.104594,8.893269,0.00142
2004.861729,0.566432,0.00646,3.200732,8.993641,0.00138
2004.945051,0.513362,0.00614,3.208306,8.801356,0.00132
2005.028374,0.466131,0.00588,3.240348,8.895603,0.00135
2005.111696,0.446496,0.00578,3.055152,8.838563,0.00133
2005.195018,0.479591,0.00589,3.208651,9.043944,0.00139
2005.27834,0.44208,0.00579,3.297329,8.758416,0.00131
2005.361662,0.43698,0.00607,3.259802,8.822796,0.00139
2005.444984,0.470516,0.00647,3.485475,8.932708,0.00147
2005.528306,0.489963,0.0066,3.414044,8.950873,0.00147
2005.611628,0.507726,0.00624,2.992636,9.080253,0.00165
2005.69495,0.520948,0.00625,3.118969,8.946106,0.00159
2005.778272,0.536967,0.00648,3.184376,9.059364,0.00154
2005.861594,0.531457,0.00695,3.117504,8.894473,0.00144
2005.944916,0.505732,0.00709,3.357829,8.927755,0.00135
2006.028238,0.500176,0.00646,3.773268,8.749446,0.00126
2006.11156,0.4511,0.00642,3.57698,8.756112,0.00133
2006.194882,0.435419,0.00603,3.248079,8.822191,0.00134
2006.278204,0.457376,0.006,3.842567,8.737036,0.00124
2006.361526,0.450666,0.0063,3.335896,8.68514,0.00131
2006.444848,0.495919,0.00643,3.321266,8.803687,0.00131
2006.52817,0.484102,0.0063,3.637658,8.851398,0.00129
2006.611492,0.50638,0.00633,3.061256,9.055806,0.00152
2006.694814,0.516319,0.0067,2.907926,8.989837,0.00156
2006.778136,0.522483,0.00678,3.092039,9.096595,0.00154
2006.861458,0.538474,0.00692,3.212331,8.871339,0.00139
2006.94478,0.529212,0.00687,3.522503,8.731777,0.00134
2007.028102,0.497669,0.0069,3.593311,8.856784,0.00132
2007.111424,0.494794,0.0071,3.877136,8.640915,0.00124
2007.194746,0.485864,0.00668,3.807078,8.86001,0.00136
2007.278068,0.471069,0.00642,3.630923,8.7024,0.00138
2007.36139,0.466753,0.0064,3.594848,8.830172,0.00135
2007.444712,0.475365,0.00659,3.6147,8.912928,0.00137
2007.528034,0.492131,0.00606,3.320683,8.894255,0.00145
2007.611356,0.491954,0.00604,3.061289,8.920817,0.00156
2007.694678,0.517805,0.00661,3.030412,8.910207,0.00153
2007.778001,0.546786,0.00747,3.296784,8.939123,0.00146
2007.861323,0.526565,0.00777,3.6545,8.785044,0.00129
2007.944645,0.490574,0.00729,3.574675,8.853612,0.00129
2008.027967,0.47711,0.00671,3.486681,8.771878,0.00128
2008.111289,0.480749,0.00629,3.45981,8.756755,0.00133
2008.194611,0.482194,0.00598,3.159672,8.796392,0.00139
2008.277933,0.491288,0.0062,3.342652,9.087267,0.00145
2008.361255,0.479582,0.00664,3.627585,8.955808,0.00139
2008.444577,0.482878,0.00689,3.219995,9.118648,0.00154
2008.527899,0.499873,0.00706,3.290519,9.108297,0.00157
2008.611221,0.518538,0.00667,2.962919,9.125037,0.0016
2008.694543,0.525121,0.00655,3.14157,9.003664,0.00147
2008.777865,0.495402,0.00659,3.362611,8.903713,0.00136
2008.861187,0.480481,0.00706,4.047342,8.86117,0.00124
2008.944509,0.452021,0.00744,3.926374,8.611156,0.00123
2009.027831,0.426082,0.00737,3.816607,8.714765,0.00128
2009.111153,0.426817,0.00695,3.927466,8.606648,0.00127
2009.194475,0.416646,0.00651,3.758994,8.730933,0.00131
2009.277797,0.4392,0.00629,3.978375,8.650545,0.00126
2009.361119,0.436926,0.00646,3.725168,8.833969,0.00144
2009.444441,0.445265,0.00646,3.174952,9.102163,0.00155
2009.527763,0.479726,0.00603,3.063857,8.994051,0.0015
2009.611085,0.525451,0.00608,2.997164,9.01163,0.00153
2009.694407,0.524472,0.00651,3.14509,9.186187,0.00152
2009.777729,0.505511,0.00704,3.562831,8.745236,0.00128
2009.861051,0.497499,0.0071,3.878314,8.561292,0.0012
2009.944373,0.493173,0.00682,3.696064,8.857868,0.00132
2010.027695,0.442877,0.00614,3.519047,8.708198,0.00131
2010.111017,0.436377,0.00555,3.568178,8.724746,0.00132
2010.194339,0.421761,0.00576,3.765142,8.665659,0.00128
2010.277661,0.434423,0.00612,3.887667,8.58827,0.00127
2010.360983,0.463084,0.00623,3.782858,8.731957,0.00134
2010.444305,0.484056,0.00626,3.620279,8.847354,0.00141
2010.527627,0.501867,0.00665,3.758754,8.865218,0.00141
2010.61095,0.493308,0.00662,3.43806,9.042213,0.00153
2010.694272,0.517877,0.00651,3.39894,8.974376,0.00146
2010.777594,0.504633,0.00623,3.219391,8.71718,0.00138
2010.860916,0.494604,0.00623,3.304956,8.853995,0.00134
2010.944238,0.489403,0.00642,3.725543,8.732067,0.00125
2011.02756,0.458653,0.00635,3.872553,8.638723,0.0012
2011.110882,0.466817,0.00616,3.917981,8.717511,0.00116
2011.194204,0.4734,0.00601,3.84257,8.77843,0.00122
2011.277526,0.463549,0.00605,3.658006,8.920238,0.00132
2011.360848,0.4907,0.00623,3.699102,8.887087,0.00127
2011.44417,0.474438,0.00623,3.586402,8.89827,0.00133
2011.527492,0.530264,0.0063,3.231477,9.069636,0.00146
2011.610814,0.540817,0.00643,3.164182,9.315726,0.00152
2011.694136,0.573991,0.00656,3.172062,9.114194,0.00143
2011.777458,0.56628,0.00662,3.292056,9.078179,0.00142
2011.86078,0.52332,0.00649,3.571098,8.982913,0.00137
2011.944102,0.480697,0.00643,3.959066,8.770368,0.00124
2012.027424,0.477342,0.00582,3.82832,8.808591,0.00121
2012.110746,0.442041,0.00567,3.681762,8.655841,0.00119
2012.194068,0.480569,0.00586,3.758748,8.686832,0.0012
2012.27739,0.460616,0.00599,3.615215,8.817946,0.00133
2012.360712,0.482929,0.00599,3.555855,8.873345,0.00133
2012.444034,0.541242,0.00637,3.286656,9.13423,0.00146
2012.527356,0.541969,0.00682,3.254018,9.117492,0.00148
2012.610678,0.5548,0.00685,3.10394,9.210401,0.00149
2012.694,0.54313,0.00679,3.251198,9.115902,0.00138
2012.777322,0.537309,0.00701,3.658221,8.957996,0.00128
2012.860644,0.521243,0.00654,3.699852,8.994465,0.00126
2012.943966,0.481634,0.006,3.54987,9.00972,0.0013
2013.027288,0.4676,0.00625,3.659836,8.950607,0.00132
2013.11061,0.47751,0.00608,3.907056,8.742784,0.00118
2013.193932,0.443764,0.0061,4.046012,8.646882,0.00112
2013.277254,0.454412,0.00624,3.844317,8.922819,0.00123
2013.360576,0.46907,0.00636,3.652445,8.980192,0.00128
2013.443899,0.468873,0.00654,3.736493,8.826573,0.00128
2013.527221,0.498603,0.00668,3.468647,9.021907,0.0014
2013.610543,0.533358,0.00701,3.340078,9.230028,0.00144
2013.693865,0.541001,0.00665,3.179265,9.032253,0.00139
2013.777187,0.514658,0.00645,3.440224,9.054169,0.0013
2013.860509,0.464952,0.00641,3.597724,8.933865,0.00132
2013.943831,0.442397,0.0063,3.899492,8.831131,0.0012
2014.027153,0.430043,0.00608,3.32883,8.924053,0.00135
2014.110475,0.44882,0.00619,3.880371,8.789032,0.0012
2014.193797,0.445833,0.00597,3.759905,8.749098,0.00126
2014.277119,0.448727,0.00593,3.636652,8.741669,0.00124
2014.360441,0.463221,0.00613,3.784373,8.713915,0.00123
2014.443763,0.483685,0.00645,3.293558,9.079981,0.00142
2014.527085,0.499036,0.00667,3.232078,9.071576,0.00142
2014.610407,0.500233,0.00647,2.830509,9.206431,0.00161
2014.693729,0.510475,0.00648,2.953001,9.217997,0.00151
2014.777051,0.511949,0.00662,3.149731,9.000234,0.0014
2014.860373,0.504232,0.00657,3.539596,8.892993,0.00129
2014.943695,0.487413,0.00627,3.750766,8.937669,0.00128
2015.027017,0.481582,0.00596,3.965097,8.767177,0.00119
2015.110339,0.43677,0.00634,3.524976,8.673739,0.00126
2015.193661,0.446287,0.0067,3.63721,8.636921,0.00122
2015.276983,0.463573,0.00649,3.919585,8.761049,0.00115
2015.360305,0.443844,0.00617,4.157759,8.72181,0.0011
2015.443627,0.466405,0.0059,3.933556,8.672101,0.00112
2015.526949,0.477949,0.00594,3.494652,8.871916,0.00128
2015.610271,0.466998,0.00603,3.232632,8.977363,0.0014
2015.693593,0.510167,0.00623,3.259787,8.984838,0.00139
2015.776915,0.528854,0.00619,3.261252,8.933931,0.00138
2015.860237,0.539651,0.00616,3.132833,9.013935,0.00138
2015.943559,0.52074,0.00602,3.484737,8.918603,0.00128
2016.026881,0.479929,0.00567,3.706349,8.7395,0.00122
2016.110203,0.478452,0.00591,4.119474,8.83891,0.00119
2016.193525,0.464987,0.00589,3.827887,8.765559,0.0012
2016.276848,0.434145,0.00587,3.717442,8.798578,0.00124
2016.36017,0.44173,0.00609,3.735065,8.612625,0.00117
2016.443492,0.45995,0.00634,3.694736,8.634652,0.00122
2016.526814,0.506566,0.00647,3.66196,8.890846,0.00127
2016.610136,0.543708,0.0066,3.358359,9.086651,0.00143
2016.693458,0.57371,0.00693,3.909749,8.957388,0.00128
2016.77678,0.540957,0.00732,4.098641,8.902284,0.00122
2016.860102,0.560175,0.00747,4.031408,8.945442,0.00128
2016.943424,0.603555,0.00742,4.279411,8.7377,0.00122
2017.026746,0.515259,0.00717,3.930722,8.696565,0.00122
2017.110068,0.561224,0.0067,4.637576,8.736576,0.00119
2017.19339,0.539432,0.00635,4.405124,8.816942,0.00125
2017.276712,0.492859,0.00618,4.12901,8.751947,0.00119
2017.360034,0.492369,0.00601,3.82966,8.851297,0.00123
2017.443356,0.530747,0.00591,3.985855,8.863341,0.00123
2017.526678,0.519672,0.00587,3.832716,8.86984,0.00125
2017.61,0.56079,0.00608,3.920241,9.007426,0.0013